District,Area_sqft,Bedrooms,Bathrooms,Price,Stories,Mainroad,Guestroom,Basement,HotwaterHeating,Airconditioning,Parking,Prefarea,FurnishingStatus
Ludhiana,500,1,1,3913474,2,No,Yes,No,Yes,Yes,2,No,Semi-Furnished
Ludhiana,500,1,2,8481136,1,Yes,No,Yes,Yes,Yes,0,No,Furnished
Ludhiana,500,1,3,4487950,3,Yes,No,No,Yes,No,3,No,Unfurnished
Ludhiana,500,2,1,1468873,3,No,No,No,No,Yes,0,No,Unfurnished
Ludhiana,500,2,2,9751068,1,No,No,No,No,No,0,No,Unfurnished
Ludhiana,500,2,3,5793368,1,Yes,No,No,Yes,No,1,No,Furnished
Ludhiana,500,3,1,6498657,3,No,No,Yes,Yes,Yes,3,No,Furnished
Ludhiana,500,3,2,3684743,2,Yes,Yes,Yes,No,No,2,Yes,Semi-Furnished
Ludhiana,500,3,3,4436839,3,Yes,No,Yes,No,No,2,No,Furnished
Ludhiana,500,4,1,7293304,1,Yes,Yes,Yes,No,Yes,1,Yes,Furnished
Ludhiana,500,4,2,1072834,2,Yes,Yes,Yes,Yes,Yes,2,Yes,Unfurnished
Ludhiana,500,4,3,7276280,1,No,No,Yes,No,No,1,No,Unfurnished
Ludhiana,500,5,1,5702338,3,No,Yes,Yes,Yes,No,1,Yes,Semi-Furnished
Ludhiana,500,5,2,7928480,2,Yes,Yes,Yes,No,Yes,3,No,Semi-Furnished
Ludhiana,500,5,3,7673995,3,No,Yes,No,Yes,No,1,Yes,Unfurnished
Ludhiana,1000,1,1,2949872,3,Yes,Yes,No,No,No,0,Yes,Furnished
Ludhiana,1000,1,2,7429062,2,No,Yes,No,Yes,No,0,No,Furnished
Ludhiana,1000,1,3,8012276,3,Yes,Yes,No,No,Yes,1,No,Furnished
Ludhiana,1000,2,1,2923001,1,No,No,No,Yes,Yes,3,No,Furnished
Ludhiana,1000,2,2,9741442,1,Yes,No,Yes,No,No,3,No,Furnished
Ludhiana,1000,2,3,4122810,2,No,Yes,No,No,No,1,Yes,Unfurnished
Ludhiana,1000,3,1,9635424,1,No,Yes,No,No,Yes,1,No,Unfurnished
Ludhiana,1000,3,2,7003085,3,No,No,Yes,No,Yes,3,Yes,Furnished
Ludhiana,1000,3,3,4701683,2,Yes,No,No,No,Yes,0,Yes,Semi-Furnished
Ludhiana,1000,4,1,4921201,3,Yes,Yes,Yes,Yes,No,3,Yes,Semi-Furnished
Ludhiana,1000,4,2,4167287,3,Yes,No,No,No,Yes,2,No,Furnished
Ludhiana,1000,4,3,2558086,3,Yes,No,No,No,Yes,0,Yes,Furnished
Ludhiana,1000,5,1,1596487,3,Yes,Yes,Yes,Yes,No,2,No,Unfurnished
Ludhiana,1000,5,2,8563677,2,Yes,Yes,No,No,Yes,3,No,Furnished
Ludhiana,1000,5,3,4638718,2,No,No,Yes,Yes,No,2,No,Unfurnished
Ludhiana,1500,1,1,5509814,3,No,Yes,Yes,No,No,0,Yes,Furnished
Ludhiana,1500,1,2,7535023,3,No,No,No,No,Yes,1,No,Unfurnished
Ludhiana,1500,1,3,5716225,3,No,Yes,No,No,Yes,0,Yes,Unfurnished
Ludhiana,1500,2,1,6260601,1,Yes,No,Yes,Yes,Yes,1,No,Furnished
Ludhiana,1500,2,2,7044417,2,Yes,No,Yes,No,No,2,No,Furnished
Ludhiana,1500,2,3,2761121,2,No,No,Yes,Yes,No,1,Yes,Furnished
Ludhiana,1500,3,1,3907128,1,No,Yes,No,No,No,2,No,Unfurnished
Ludhiana,1500,3,2,3564066,2,Yes,Yes,No,Yes,Yes,1,No,Furnished
Ludhiana,1500,3,3,8536790,1,Yes,Yes,No,Yes,No,0,Yes,Unfurnished
Ludhiana,1500,4,1,7864538,3,Yes,Yes,No,Yes,No,3,No,Furnished
Ludhiana,1500,4,2,9752656,3,No,No,Yes,Yes,No,0,Yes,Unfurnished
Ludhiana,1500,4,3,7646443,3,No,Yes,No,Yes,Yes,3,No,Semi-Furnished
Ludhiana,1500,5,1,5276059,2,No,Yes,No,Yes,Yes,2,Yes,Semi-Furnished
Ludhiana,1500,5,2,8349713,2,No,No,Yes,No,Yes,0,Yes,Furnished
Ludhiana,1500,5,3,6515361,1,Yes,No,No,Yes,No,3,Yes,Semi-Furnished
Ludhiana,2000,1,1,6551490,3,Yes,Yes,Yes,Yes,No,0,Yes,Furnished
Ludhiana,2000,1,2,7471580,2,Yes,Yes,No,Yes,Yes,1,Yes,Unfurnished
Ludhiana,2000,1,3,1584834,1,Yes,No,Yes,No,Yes,2,Yes,Unfurnished
Ludhiana,2000,2,1,5360410,3,Yes,Yes,Yes,Yes,Yes,0,Yes,Semi-Furnished
Ludhiana,2000,2,2,3144802,2,Yes,No,Yes,Yes,No,1,Yes,Furnished
Ludhiana,2000,2,3,2043839,2,No,Yes,No,No,Yes,3,Yes,Furnished
Ludhiana,2000,3,1,7823614,3,No,No,Yes,Yes,Yes,3,Yes,Furnished
Ludhiana,2000,3,2,1302342,3,Yes,Yes,No,Yes,Yes,2,No,Furnished
Ludhiana,2000,3,3,1775661,1,No,No,No,No,No,1,Yes,Unfurnished
Ludhiana,2000,4,1,1492051,1,No,No,No,No,No,3,Yes,Unfurnished
Ludhiana,2000,4,2,2100216,3,No,No,No,No,No,2,Yes,Semi-Furnished
Ludhiana,2000,4,3,5957959,3,Yes,No,Yes,No,No,0,No,Unfurnished
Ludhiana,2000,5,1,5192467,3,Yes,Yes,No,No,Yes,0,Yes,Semi-Furnished
Ludhiana,2000,5,2,1590877,2,No,No,No,No,Yes,2,No,Semi-Furnished
Ludhiana,2000,5,3,3241974,1,Yes,No,Yes,Yes,Yes,3,Yes,Furnished
Ludhiana,2500,1,1,3057809,2,No,Yes,No,No,No,3,Yes,Furnished
Ludhiana,2500,1,2,7011595,1,No,No,Yes,No,No,1,Yes,Semi-Furnished
Ludhiana,2500,1,3,8185356,3,Yes,Yes,Yes,No,No,1,Yes,Unfurnished
Ludhiana,2500,2,1,8907660,3,No,No,No,Yes,No,0,No,Semi-Furnished
Ludhiana,2500,2,2,8498339,1,No,Yes,No,No,No,1,Yes,Unfurnished
Ludhiana,2500,2,3,1373241,2,No,No,Yes,No,Yes,3,No,Semi-Furnished
Ludhiana,2500,3,1,9030184,1,Yes,No,Yes,Yes,No,0,Yes,Semi-Furnished
Ludhiana,2500,3,2,4797172,2,No,Yes,No,No,No,3,Yes,Semi-Furnished
Ludhiana,2500,3,3,5438613,3,Yes,Yes,Yes,Yes,Yes,2,No,Unfurnished
Ludhiana,2500,4,1,3438927,2,Yes,Yes,Yes,No,No,1,Yes,Unfurnished
Ludhiana,2500,4,2,7080674,2,Yes,No,Yes,No,No,3,Yes,Unfurnished
Ludhiana,2500,4,3,3602790,3,Yes,Yes,Yes,No,No,2,Yes,Furnished
Ludhiana,2500,5,1,5209346,1,Yes,Yes,No,Yes,No,1,No,Unfurnished
Ludhiana,2500,5,2,5432197,3,Yes,Yes,No,No,Yes,2,Yes,Semi-Furnished
Ludhiana,2500,5,3,4009408,1,No,Yes,No,No,Yes,1,No,Furnished
Ludhiana,3000,1,1,4231247,3,No,Yes,Yes,Yes,No,2,Yes,Furnished
Ludhiana,3000,1,2,7737563,1,No,Yes,No,Yes,No,1,No,Unfurnished
Ludhiana,3000,1,3,6869411,2,Yes,Yes,Yes,Yes,No,1,Yes,Furnished
Ludhiana,3000,2,1,1373230,1,Yes,No,Yes,No,Yes,2,No,Unfurnished
Ludhiana,3000,2,2,5299085,1,No,Yes,Yes,Yes,No,0,No,Unfurnished
Ludhiana,3000,2,3,5534430,1,Yes,No,Yes,No,No,0,No,Unfurnished
Ludhiana,3000,3,1,6740924,1,Yes,No,No,Yes,Yes,3,No,Furnished
Ludhiana,3000,3,2,6398159,3,Yes,No,No,No,No,0,No,Unfurnished
Ludhiana,3000,3,3,2399526,3,Yes,No,No,Yes,No,2,Yes,Unfurnished
Ludhiana,3000,4,1,8575172,3,Yes,Yes,No,No,No,0,Yes,Furnished
Ludhiana,3000,4,2,8132818,3,Yes,Yes,No,No,No,0,Yes,Furnished
Ludhiana,3000,4,3,3665781,1,No,No,No,No,Yes,2,Yes,Unfurnished
Ludhiana,3000,5,1,3549842,3,Yes,Yes,Yes,Yes,Yes,2,No,Furnished
Ludhiana,3000,5,2,5904792,2,Yes,No,No,Yes,Yes,3,No,Furnished
Ludhiana,3000,5,3,7439467,2,Yes,No,No,No,No,2,Yes,Semi-Furnished
Ludhiana,3500,1,1,7254027,2,Yes,No,Yes,Yes,No,2,No,Semi-Furnished
Ludhiana,3500,1,2,9656282,1,No,No,No,No,No,3,Yes,Semi-Furnished
Ludhiana,3500,1,3,6873973,3,No,No,Yes,No,Yes,3,No,Unfurnished
Ludhiana,3500,2,1,2321012,3,No,Yes,Yes,Yes,Yes,1,Yes,Furnished
Ludhiana,3500,2,2,2597529,1,No,No,No,No,Yes,0,No,Unfurnished
Ludhiana,3500,2,3,8969236,1,No,Yes,Yes,No,Yes,2,No,Unfurnished
Ludhiana,3500,3,1,7429980,3,Yes,No,Yes,No,No,1,Yes,Furnished
Ludhiana,3500,3,2,1608885,3,No,Yes,No,No,No,3,No,Furnished
Ludhiana,3500,3,3,9257261,2,Yes,Yes,No,Yes,Yes,0,Yes,Furnished
Ludhiana,3500,4,1,5059268,3,Yes,No,No,No,No,0,No,Furnished
Ludhiana,3500,4,2,1084776,3,No,Yes,Yes,No,No,3,No,Unfurnished
Ludhiana,3500,4,3,9079378,1,No,No,No,No,No,3,Yes,Unfurnished
Ludhiana,3500,5,1,3842369,3,Yes,No,Yes,No,Yes,1,Yes,Unfurnished
Ludhiana,3500,5,2,5211964,3,No,Yes,Yes,Yes,No,1,No,Semi-Furnished
Ludhiana,3500,5,3,3109262,1,Yes,Yes,No,Yes,Yes,2,Yes,Furnished
Ludhiana,4000,1,1,9214799,2,Yes,Yes,No,Yes,No,1,Yes,Furnished
Ludhiana,4000,1,2,4570912,2,Yes,No,Yes,Yes,No,2,No,Semi-Furnished
Ludhiana,4000,1,3,5022269,2,Yes,Yes,No,Yes,Yes,0,Yes,Unfurnished
Ludhiana,4000,2,1,5562432,1,Yes,Yes,No,No,Yes,0,Yes,Semi-Furnished
Ludhiana,4000,2,2,4247261,2,No,Yes,Yes,No,Yes,2,Yes,Unfurnished
Ludhiana,4000,2,3,2185707,1,No,No,Yes,Yes,Yes,2,No,Semi-Furnished
Ludhiana,4000,3,1,9821002,1,No,No,No,Yes,Yes,2,Yes,Unfurnished
Ludhiana,4000,3,2,5971911,2,Yes,Yes,Yes,No,No,2,Yes,Furnished
Ludhiana,4000,3,3,7628905,1,No,No,Yes,Yes,No,1,Yes,Furnished
Ludhiana,4000,4,1,5663418,1,Yes,No,Yes,Yes,No,2,Yes,Furnished
Ludhiana,4000,4,2,9978861,1,No,Yes,Yes,Yes,No,1,Yes,Semi-Furnished
Ludhiana,4000,4,3,1901152,1,No,Yes,Yes,Yes,No,1,No,Furnished
Ludhiana,4000,5,1,8588845,1,No,No,Yes,Yes,No,0,No,Semi-Furnished
Ludhiana,4000,5,2,4656675,1,No,No,No,No,Yes,3,Yes,Furnished
Ludhiana,4000,5,3,8403332,3,Yes,No,No,Yes,Yes,2,Yes,Semi-Furnished
Ludhiana,4500,1,1,3507425,1,Yes,No,No,Yes,Yes,3,No,Furnished
Ludhiana,4500,1,2,6368208,1,Yes,No,No,Yes,No,0,No,Semi-Furnished
Ludhiana,4500,1,3,4046954,1,No,No,No,Yes,Yes,0,Yes,Unfurnished
Ludhiana,4500,2,1,7702736,1,Yes,Yes,No,No,No,3,Yes,Unfurnished
Ludhiana,4500,2,2,9660912,1,No,Yes,Yes,Yes,No,1,Yes,Semi-Furnished
Ludhiana,4500,2,3,2189690,3,Yes,No,Yes,No,No,0,Yes,Unfurnished
Ludhiana,4500,3,1,7702445,3,Yes,No,No,No,Yes,3,Yes,Furnished
Ludhiana,4500,3,2,8262116,1,Yes,No,No,No,No,0,No,Unfurnished
Ludhiana,4500,3,3,1852020,2,Yes,Yes,Yes,No,Yes,1,Yes,Furnished
Ludhiana,4500,4,1,3502416,2,Yes,No,No,No,No,1,Yes,Semi-Furnished
Ludhiana,4500,4,2,8431996,3,Yes,No,Yes,No,No,3,Yes,Unfurnished
Ludhiana,4500,4,3,7113808,2,No,No,Yes,No,Yes,3,Yes,Semi-Furnished
Ludhiana,4500,5,1,2853526,3,No,Yes,No,No,No,1,No,Furnished
Ludhiana,4500,5,2,1380262,2,No,No,No,No,No,1,Yes,Unfurnished
Ludhiana,4500,5,3,7016838,3,No,Yes,No,Yes,No,2,No,Unfurnished
Ludhiana,5000,1,1,3940674,1,No,Yes,Yes,No,No,0,No,Unfurnished
Ludhiana,5000,1,2,1863725,3,No,Yes,No,No,Yes,2,No,Semi-Furnished
Ludhiana,5000,1,3,3472457,2,No,No,No,Yes,Yes,1,Yes,Semi-Furnished
Ludhiana,5000,2,1,6119655,2,No,Yes,Yes,Yes,No,3,No,Unfurnished
Ludhiana,5000,2,2,3997955,1,No,Yes,Yes,No,Yes,1,Yes,Unfurnished
Ludhiana,5000,2,3,9369355,3,No,No,No,No,No,3,No,Unfurnished
Ludhiana,5000,3,1,1051612,1,No,No,Yes,No,No,0,Yes,Semi-Furnished
Ludhiana,5000,3,2,4747187,1,No,No,No,Yes,Yes,1,Yes,Semi-Furnished
Ludhiana,5000,3,3,4844535,1,Yes,Yes,Yes,No,No,2,Yes,Semi-Furnished
Ludhiana,5000,4,1,2207036,2,No,Yes,No,Yes,No,2,No,Semi-Furnished
Ludhiana,5000,4,2,7422193,2,Yes,No,No,No,No,2,Yes,Semi-Furnished
Ludhiana,5000,4,3,8457238,2,No,No,Yes,Yes,Yes,3,No,Semi-Furnished
Ludhiana,5000,5,1,6743409,3,Yes,No,Yes,Yes,No,3,Yes,Furnished
Ludhiana,5000,5,2,2758294,3,No,Yes,No,No,No,1,Yes,Furnished
Ludhiana,5000,5,3,3923071,1,No,No,Yes,Yes,No,1,Yes,Unfurnished
Amritsar,500,1,1,5695745,2,No,No,Yes,Yes,Yes,2,Yes,Furnished
Amritsar,500,1,2,5479627,1,No,No,No,No,No,0,No,Semi-Furnished
Amritsar,500,1,3,9582578,3,No,Yes,No,No,No,1,No,Furnished
Amritsar,500,2,1,5056600,3,Yes,No,Yes,Yes,Yes,3,No,Unfurnished
Amritsar,500,2,2,8911773,2,Yes,No,Yes,No,Yes,3,No,Furnished
Amritsar,500,2,3,5028477,2,Yes,No,No,Yes,No,0,No,Semi-Furnished
Amritsar,500,3,1,8273088,3,Yes,No,No,Yes,No,1,Yes,Unfurnished
Amritsar,500,3,2,6843640,1,Yes,No,Yes,Yes,No,3,No,Furnished
Amritsar,500,3,3,5069025,3,No,Yes,Yes,Yes,No,0,No,Unfurnished
Amritsar,500,4,1,9528789,3,No,No,Yes,Yes,Yes,0,No,Semi-Furnished
Amritsar,500,4,2,5413596,3,No,Yes,No,No,No,2,No,Semi-Furnished
Amritsar,500,4,3,5912869,1,No,Yes,Yes,Yes,No,1,No,Unfurnished
Amritsar,500,5,1,7200384,3,No,No,No,No,Yes,2,No,Unfurnished
Amritsar,500,5,2,9176448,1,No,No,No,No,No,0,Yes,Semi-Furnished
Amritsar,500,5,3,5167176,3,No,Yes,Yes,No,No,1,Yes,Furnished
Amritsar,1000,1,1,4553754,3,Yes,No,Yes,Yes,No,2,No,Semi-Furnished
Amritsar,1000,1,2,8093109,1,No,No,Yes,Yes,Yes,2,Yes,Semi-Furnished
Amritsar,1000,1,3,6607177,3,Yes,Yes,Yes,No,No,2,Yes,Unfurnished
Amritsar,1000,2,1,5978547,1,Yes,No,Yes,Yes,No,0,No,Unfurnished
Amritsar,1000,2,2,8851952,3,No,Yes,Yes,No,No,0,No,Semi-Furnished
Amritsar,1000,2,3,5025109,2,No,Yes,Yes,No,No,2,No,Semi-Furnished
Amritsar,1000,3,1,8752002,1,No,No,Yes,Yes,No,1,No,Unfurnished
Amritsar,1000,3,2,7990712,3,Yes,No,No,No,Yes,2,Yes,Furnished
Amritsar,1000,3,3,8885565,2,Yes,No,Yes,No,Yes,1,No,Furnished
Amritsar,1000,4,1,6185591,3,No,No,Yes,Yes,Yes,1,Yes,Semi-Furnished
Amritsar,1000,4,2,1235154,3,Yes,No,Yes,No,No,1,No,Furnished
Amritsar,1000,4,3,6951922,2,No,Yes,Yes,Yes,Yes,3,Yes,Furnished
Amritsar,1000,5,1,2694108,3,No,No,Yes,No,No,3,No,Furnished
Amritsar,1000,5,2,2585024,1,Yes,No,Yes,No,Yes,0,Yes,Unfurnished
Amritsar,1000,5,3,1157266,2,Yes,No,Yes,No,Yes,1,No,Furnished
Amritsar,1500,1,1,8624949,3,No,No,Yes,Yes,Yes,1,No,Furnished
Amritsar,1500,1,2,5761695,1,Yes,No,No,Yes,Yes,0,No,Furnished
Amritsar,1500,1,3,3740625,3,Yes,Yes,No,Yes,No,0,Yes,Furnished
Amritsar,1500,2,1,8278774,1,No,Yes,Yes,Yes,Yes,1,Yes,Unfurnished
Amritsar,1500,2,2,8729760,1,No,No,No,No,No,1,No,Unfurnished
Amritsar,1500,2,3,9799859,3,No,Yes,Yes,Yes,Yes,1,Yes,Furnished
Amritsar,1500,3,1,4381803,1,No,No,Yes,Yes,Yes,0,Yes,Furnished
Amritsar,1500,3,2,6484770,3,Yes,Yes,Yes,Yes,No,2,No,Semi-Furnished
Amritsar,1500,3,3,5368581,1,No,Yes,No,No,Yes,3,No,Furnished
Amritsar,1500,4,1,9471800,1,Yes,No,No,No,No,2,Yes,Semi-Furnished
Amritsar,1500,4,2,5608921,2,No,No,Yes,No,No,3,No,Semi-Furnished
Amritsar,1500,4,3,3790225,1,Yes,No,No,No,No,2,Yes,Furnished
Amritsar,1500,5,1,9931345,3,Yes,Yes,No,Yes,Yes,0,No,Unfurnished
Amritsar,1500,5,2,9802853,3,No,Yes,Yes,Yes,No,2,Yes,Semi-Furnished
Amritsar,1500,5,3,6982178,3,Yes,Yes,Yes,No,No,1,No,Furnished
Amritsar,2000,1,1,7324842,3,Yes,Yes,No,Yes,Yes,3,No,Furnished
Amritsar,2000,1,2,2384795,1,Yes,Yes,No,No,No,0,Yes,Furnished
Amritsar,2000,1,3,4656496,3,Yes,No,Yes,Yes,No,0,No,Semi-Furnished
Amritsar,2000,2,1,3191550,3,Yes,No,Yes,No,Yes,1,Yes,Semi-Furnished
Amritsar,2000,2,2,2582828,2,Yes,Yes,Yes,No,No,0,No,Unfurnished
Amritsar,2000,2,3,7561954,3,Yes,Yes,No,No,Yes,0,No,Semi-Furnished
Amritsar,2000,3,1,3852766,2,Yes,No,Yes,No,Yes,2,No,Semi-Furnished
Amritsar,2000,3,2,5672872,1,No,Yes,Yes,Yes,No,0,No,Furnished
Amritsar,2000,3,3,6930972,3,No,No,Yes,No,Yes,1,No,Unfurnished
Amritsar,2000,4,1,8927656,2,No,No,Yes,Yes,No,2,No,Unfurnished
Amritsar,2000,4,2,9380595,2,Yes,No,Yes,Yes,No,0,Yes,Furnished
Amritsar,2000,4,3,2884530,2,Yes,Yes,Yes,Yes,No,2,No,Semi-Furnished
Amritsar,2000,5,1,6738905,3,No,No,Yes,Yes,Yes,2,Yes,Semi-Furnished
Amritsar,2000,5,2,7184320,3,No,Yes,Yes,No,Yes,2,No,Unfurnished
Amritsar,2000,5,3,8192870,1,No,Yes,No,No,Yes,0,Yes,Furnished
Amritsar,2500,1,1,5534303,1,No,No,No,No,No,0,Yes,Unfurnished
Amritsar,2500,1,2,2414108,2,Yes,No,No,Yes,Yes,2,No,Furnished
Amritsar,2500,1,3,5008921,1,Yes,Yes,No,No,Yes,0,No,Unfurnished
Amritsar,2500,2,1,9665123,2,Yes,Yes,No,Yes,Yes,0,Yes,Semi-Furnished
Amritsar,2500,2,2,3883512,1,No,No,Yes,No,No,0,Yes,Furnished
Amritsar,2500,2,3,5637346,3,Yes,No,Yes,Yes,No,0,No,Furnished
Amritsar,2500,3,1,1012292,1,Yes,No,No,Yes,Yes,1,No,Unfurnished
Amritsar,2500,3,2,1809151,3,No,Yes,No,Yes,No,3,Yes,Semi-Furnished
Amritsar,2500,3,3,2468395,2,No,No,Yes,No,No,2,No,Furnished
Amritsar,2500,4,1,6265112,2,No,Yes,Yes,No,Yes,3,No,Unfurnished
Amritsar,2500,4,2,5308531,3,Yes,Yes,No,No,No,1,Yes,Unfurnished
Amritsar,2500,4,3,6644437,3,Yes,No,Yes,Yes,No,0,No,Semi-Furnished
Amritsar,2500,5,1,7174944,2,No,Yes,Yes,No,No,0,Yes,Furnished
Amritsar,2500,5,2,8187921,3,No,Yes,No,No,No,0,No,Unfurnished
Amritsar,2500,5,3,2374745,2,No,No,Yes,Yes,Yes,2,No,Unfurnished
Amritsar,3000,1,1,7504769,1,Yes,No,No,Yes,Yes,1,Yes,Furnished
Amritsar,3000,1,2,5845793,1,No,No,No,No,Yes,2,No,Furnished
Amritsar,3000,1,3,1555462,2,No,No,Yes,No,No,2,Yes,Semi-Furnished
Amritsar,3000,2,1,4809170,2,Yes,No,Yes,No,No,1,No,Furnished
Amritsar,3000,2,2,9050275,3,No,Yes,Yes,Yes,No,1,No,Unfurnished
Amritsar,3000,2,3,6972541,2,No,Yes,No,No,Yes,2,No,Unfurnished
Amritsar,3000,3,1,6840153,1,Yes,Yes,Yes,No,Yes,1,No,Furnished
Amritsar,3000,3,2,5316470,2,No,Yes,No,Yes,Yes,0,No,Semi-Furnished
Amritsar,3000,3,3,1175030,2,Yes,No,No,No,Yes,2,No,Unfurnished
Amritsar,3000,4,1,5596325,3,Yes,No,Yes,No,Yes,2,No,Semi-Furnished
Amritsar,3000,4,2,3108501,2,Yes,No,Yes,No,Yes,1,No,Furnished
Amritsar,3000,4,3,2358668,2,No,No,No,No,No,0,No,Furnished
Amritsar,3000,5,1,8834714,3,Yes,Yes,No,No,No,1,Yes,Unfurnished
Amritsar,3000,5,2,8836443,3,Yes,Yes,Yes,No,No,1,Yes,Furnished
Amritsar,3000,5,3,4769145,3,No,Yes,Yes,No,No,0,Yes,Furnished
Amritsar,3500,1,1,1442816,3,Yes,No,No,No,No,1,Yes,Furnished
Amritsar,3500,1,2,3220893,2,No,Yes,Yes,Yes,Yes,0,Yes,Furnished
Amritsar,3500,1,3,2290644,2,No,No,Yes,Yes,Yes,2,No,Semi-Furnished
Amritsar,3500,2,1,4326743,2,Yes,No,Yes,No,No,3,Yes,Furnished
Amritsar,3500,2,2,2510694,3,No,Yes,No,Yes,Yes,3,Yes,Unfurnished
Amritsar,3500,2,3,4065353,1,Yes,Yes,Yes,Yes,Yes,1,Yes,Semi-Furnished
Amritsar,3500,3,1,3719804,3,Yes,Yes,Yes,No,No,3,Yes,Furnished
Amritsar,3500,3,2,1087211,2,Yes,Yes,No,Yes,Yes,0,No,Semi-Furnished
Amritsar,3500,3,3,2206945,3,Yes,Yes,No,Yes,Yes,3,No,Furnished
Amritsar,3500,4,1,8108631,1,Yes,Yes,No,Yes,No,3,Yes,Unfurnished
Amritsar,3500,4,2,4015197,3,Yes,No,No,Yes,Yes,2,Yes,Unfurnished
Amritsar,3500,4,3,5148093,3,No,Yes,Yes,Yes,No,3,No,Semi-Furnished
Amritsar,3500,5,1,8526799,3,Yes,Yes,No,Yes,Yes,2,No,Unfurnished
Amritsar,3500,5,2,4052591,3,No,Yes,Yes,No,Yes,0,Yes,Unfurnished
Amritsar,3500,5,3,4304005,1,No,Yes,No,Yes,No,3,No,Semi-Furnished
Amritsar,4000,1,1,2358943,3,Yes,No,No,Yes,No,1,No,Furnished
Amritsar,4000,1,2,5486406,2,Yes,Yes,Yes,No,No,3,No,Unfurnished
Amritsar,4000,1,3,7482462,2,Yes,No,No,Yes,Yes,1,No,Furnished
Amritsar,4000,2,1,6926834,3,Yes,Yes,No,No,No,2,No,Semi-Furnished
Amritsar,4000,2,2,1328258,2,No,Yes,No,No,Yes,2,Yes,Unfurnished
Amritsar,4000,2,3,6913845,3,No,Yes,Yes,No,No,1,No,Semi-Furnished
Amritsar,4000,3,1,2710502,1,No,No,Yes,No,No,1,No,Semi-Furnished
Amritsar,4000,3,2,4745689,1,No,Yes,Yes,Yes,Yes,1,Yes,Unfurnished
Amritsar,4000,3,3,6624558,1,Yes,Yes,Yes,No,Yes,2,Yes,Furnished
Amritsar,4000,4,1,9054530,1,No,Yes,Yes,No,No,1,Yes,Unfurnished
Amritsar,4000,4,2,2282469,3,Yes,No,No,No,No,0,No,Furnished
Amritsar,4000,4,3,9571671,1,Yes,No,No,No,Yes,0,Yes,Semi-Furnished
Amritsar,4000,5,1,8585176,2,Yes,No,Yes,No,No,0,No,Furnished
Amritsar,4000,5,2,6615294,3,Yes,No,No,No,Yes,0,Yes,Semi-Furnished
Amritsar,4000,5,3,3104369,3,No,Yes,No,Yes,No,2,Yes,Unfurnished
Amritsar,4500,1,1,5924418,2,Yes,No,Yes,Yes,No,1,No,Semi-Furnished
Amritsar,4500,1,2,9686603,3,Yes,No,Yes,Yes,Yes,3,Yes,Unfurnished
Amritsar,4500,1,3,5320238,1,No,Yes,Yes,Yes,Yes,3,Yes,Furnished
Amritsar,4500,2,1,9619175,3,No,No,Yes,No,Yes,0,No,Unfurnished
Amritsar,4500,2,2,5947622,3,Yes,No,No,Yes,Yes,0,Yes,Unfurnished
Amritsar,4500,2,3,4949399,3,Yes,Yes,No,Yes,No,3,No,Furnished
Amritsar,4500,3,1,1879483,3,No,No,Yes,No,No,0,Yes,Semi-Furnished
Amritsar,4500,3,2,7926555,2,Yes,Yes,Yes,No,No,1,No,Furnished
Amritsar,4500,3,3,6887523,2,Yes,No,Yes,Yes,No,1,Yes,Unfurnished
Amritsar,4500,4,1,5900552,1,Yes,Yes,No,No,Yes,0,Yes,Semi-Furnished
Amritsar,4500,4,2,2635618,1,No,No,No,Yes,No,1,Yes,Unfurnished
Amritsar,4500,4,3,9680090,1,Yes,No,No,Yes,No,1,No,Furnished
Amritsar,4500,5,1,9017219,2,No,Yes,No,No,No,0,No,Furnished
Amritsar,4500,5,2,7406617,1,No,Yes,Yes,Yes,No,3,No,Furnished
Amritsar,4500,5,3,7057896,3,Yes,Yes,No,Yes,No,1,Yes,Furnished
Amritsar,5000,1,1,2712523,1,No,Yes,Yes,No,Yes,2,Yes,Semi-Furnished
Amritsar,5000,1,2,2397697,3,No,Yes,Yes,No,No,3,No,Unfurnished
Amritsar,5000,1,3,9419752,3,No,Yes,Yes,No,Yes,2,Yes,Unfurnished
Amritsar,5000,2,1,6893801,3,Yes,No,No,No,No,2,Yes,Semi-Furnished
Amritsar,5000,2,2,6485854,1,No,Yes,No,Yes,No,3,Yes,Unfurnished
Amritsar,5000,2,3,6786167,3,Yes,No,Yes,No,Yes,0,Yes,Semi-Furnished
Amritsar,5000,3,1,6853162,2,No,No,Yes,Yes,Yes,1,No,Unfurnished
Amritsar,5000,3,2,9138566,1,No,Yes,No,Yes,No,0,Yes,Furnished
Amritsar,5000,3,3,7240777,2,No,No,Yes,Yes,Yes,1,No,Semi-Furnished
Amritsar,5000,4,1,7223546,3,Yes,No,No,No,No,1,No,Semi-Furnished
Amritsar,5000,4,2,3905233,2,Yes,No,Yes,Yes,No,0,No,Furnished
Amritsar,5000,4,3,7366776,3,No,Yes,Yes,Yes,Yes,1,Yes,Furnished
Amritsar,5000,5,1,3469420,3,Yes,Yes,No,No,No,0,Yes,Semi-Furnished
Amritsar,5000,5,2,7051209,1,No,No,No,Yes,No,3,Yes,Furnished
Amritsar,5000,5,3,4994984,2,No,Yes,Yes,Yes,Yes,1,Yes,Semi-Furnished
Jalandhar,500,1,1,2514960,3,Yes,No,No,Yes,No,2,No,Semi-Furnished
Jalandhar,500,1,2,8540335,3,Yes,No,No,Yes,No,3,Yes,Semi-Furnished
Jalandhar,500,1,3,3299413,1,No,Yes,No,No,Yes,3,No,Semi-Furnished
Jalandhar,500,2,1,8803008,2,No,Yes,No,Yes,No,0,No,Semi-Furnished
Jalandhar,500,2,2,3251962,2,No,Yes,Yes,Yes,No,0,No,Unfurnished
Jalandhar,500,2,3,5237751,2,No,Yes,No,Yes,No,0,No,Unfurnished
Jalandhar,500,3,1,3733695,3,No,No,No,No,No,2,Yes,Unfurnished
Jalandhar,500,3,2,7501192,2,Yes,No,No,Yes,No,2,No,Unfurnished
Jalandhar,500,3,3,5930352,3,Yes,Yes,Yes,Yes,Yes,1,Yes,Unfurnished
Jalandhar,500,4,1,4420108,3,No,No,No,No,No,2,No,Furnished
Jalandhar,500,4,2,7875329,1,No,No,No,Yes,Yes,3,No,Furnished
Jalandhar,500,4,3,3024848,2,Yes,No,Yes,Yes,No,3,Yes,Furnished
Jalandhar,500,5,1,4089128,2,Yes,No,No,No,No,0,Yes,Unfurnished
Jalandhar,500,5,2,2412765,3,No,No,No,No,No,2,Yes,Furnished
Jalandhar,500,5,3,9826649,2,Yes,No,Yes,No,Yes,2,Yes,Semi-Furnished
Jalandhar,1000,1,1,6208729,2,Yes,Yes,No,Yes,Yes,0,No,Unfurnished
Jalandhar,1000,1,2,5304452,3,Yes,No,Yes,Yes,No,1,Yes,Semi-Furnished
Jalandhar,1000,1,3,5094486,2,Yes,Yes,No,No,No,0,No,Furnished
Jalandhar,1000,2,1,6830098,2,No,No,No,Yes,Yes,3,No,Furnished
Jalandhar,1000,2,2,5235786,3,Yes,No,Yes,No,Yes,3,Yes,Semi-Furnished
Jalandhar,1000,2,3,8266109,2,Yes,Yes,Yes,Yes,Yes,3,Yes,Semi-Furnished
Jalandhar,1000,3,1,3744464,2,No,No,Yes,Yes,Yes,0,Yes,Semi-Furnished
Jalandhar,1000,3,2,6419638,2,Yes,No,Yes,No,No,2,No,Semi-Furnished
Jalandhar,1000,3,3,3294557,2,No,No,Yes,No,No,3,No,Unfurnished
Jalandhar,1000,4,1,2641332,3,Yes,Yes,Yes,Yes,No,1,No,Unfurnished
Jalandhar,1000,4,2,1348246,3,No,No,Yes,No,Yes,2,Yes,Semi-Furnished
Jalandhar,1000,4,3,4502503,3,Yes,Yes,No,Yes,No,1,Yes,Furnished
Jalandhar,1000,5,1,2707245,3,Yes,No,No,No,Yes,1,No,Furnished
Jalandhar,1000,5,2,4480381,2,No,No,Yes,Yes,Yes,3,Yes,Semi-Furnished
Jalandhar,1000,5,3,6544400,2,No,Yes,Yes,No,Yes,1,No,Semi-Furnished
Jalandhar,1500,1,1,4155802,3,No,Yes,No,Yes,No,0,No,Semi-Furnished
Jalandhar,1500,1,2,3818461,1,No,Yes,No,Yes,No,3,Yes,Semi-Furnished
Jalandhar,1500,1,3,3435748,1,No,No,Yes,Yes,Yes,1,No,Unfurnished
Jalandhar,1500,2,1,3056240,3,Yes,No,No,No,No,0,Yes,Unfurnished
Jalandhar,1500,2,2,1282711,2,No,No,Yes,No,No,0,Yes,Furnished
Jalandhar,1500,2,3,9615634,3,Yes,Yes,No,No,Yes,0,No,Unfurnished
Jalandhar,1500,3,1,1923023,3,No,Yes,Yes,No,Yes,0,No,Furnished
Jalandhar,1500,3,2,3954079,3,Yes,Yes,Yes,No,Yes,1,No,Semi-Furnished
Jalandhar,1500,3,3,9871681,2,No,Yes,No,Yes,No,0,No,Furnished
Jalandhar,1500,4,1,4801173,1,Yes,Yes,Yes,Yes,Yes,0,Yes,Semi-Furnished
Jalandhar,1500,4,2,1792790,3,No,No,No,Yes,Yes,3,No,Furnished
Jalandhar,1500,4,3,4031462,2,Yes,No,No,Yes,Yes,2,Yes,Furnished
Jalandhar,1500,5,1,9819215,1,No,No,Yes,No,Yes,2,Yes,Semi-Furnished
Jalandhar,1500,5,2,6210749,3,Yes,Yes,No,No,No,0,Yes,Unfurnished
Jalandhar,1500,5,3,8555930,1,Yes,Yes,Yes,No,No,3,Yes,Unfurnished
Jalandhar,2000,1,1,9450858,2,No,No,Yes,No,No,0,Yes,Semi-Furnished
Jalandhar,2000,1,2,9888953,2,No,No,Yes,Yes,Yes,0,No,Unfurnished
Jalandhar,2000,1,3,6171870,2,No,No,No,Yes,Yes,1,Yes,Unfurnished
Jalandhar,2000,2,1,4206821,2,Yes,No,Yes,No,No,0,No,Furnished
Jalandhar,2000,2,2,8620716,3,No,No,Yes,Yes,Yes,1,No,Furnished
Jalandhar,2000,2,3,4564075,2,Yes,No,Yes,Yes,No,0,No,Semi-Furnished
Jalandhar,2000,3,1,3382930,2,Yes,Yes,No,Yes,Yes,2,No,Furnished
Jalandhar,2000,3,2,3720058,2,Yes,Yes,Yes,Yes,No,3,No,Semi-Furnished
Jalandhar,2000,3,3,2808108,3,No,Yes,No,Yes,No,0,No,Furnished
Jalandhar,2000,4,1,7827654,1,Yes,No,Yes,Yes,Yes,0,No,Furnished
Jalandhar,2000,4,2,8246266,1,No,No,Yes,No,No,2,Yes,Semi-Furnished
Jalandhar,2000,4,3,5611877,2,Yes,No,Yes,Yes,Yes,3,Yes,Unfurnished
Jalandhar,2000,5,1,7011480,3,Yes,Yes,No,Yes,No,3,Yes,Furnished
Jalandhar,2000,5,2,3923153,1,Yes,Yes,Yes,No,No,1,Yes,Unfurnished
Jalandhar,2000,5,3,4901781,1,Yes,No,Yes,Yes,Yes,2,Yes,Unfurnished
Jalandhar,2500,1,1,3704278,2,No,Yes,No,No,Yes,0,Yes,Furnished
Jalandhar,2500,1,2,3712515,3,Yes,No,Yes,No,No,2,No,Furnished
Jalandhar,2500,1,3,4406294,3,No,Yes,No,No,No,0,No,Semi-Furnished
Jalandhar,2500,2,1,9107447,2,No,No,No,Yes,No,2,Yes,Furnished
Jalandhar,2500,2,2,3150802,1,No,Yes,Yes,No,Yes,2,Yes,Semi-Furnished
Jalandhar,2500,2,3,1869229,2,No,No,No,Yes,No,2,No,Furnished
Jalandhar,2500,3,1,2990045,2,Yes,No,Yes,Yes,No,3,No,Semi-Furnished
Jalandhar,2500,3,2,2417637,1,Yes,Yes,No,Yes,No,3,Yes,Semi-Furnished
Jalandhar,2500,3,3,5669514,1,No,Yes,No,Yes,Yes,3,No,Furnished
Jalandhar,2500,4,1,6663693,1,Yes,No,Yes,No,Yes,1,No,Semi-Furnished
Jalandhar,2500,4,2,2891451,3,Yes,Yes,Yes,Yes,No,2,No,Semi-Furnished
Jalandhar,2500,4,3,6347207,1,Yes,No,No,No,Yes,1,No,Semi-Furnished
Jalandhar,2500,5,1,8300624,1,No,No,Yes,Yes,No,2,No,Semi-Furnished
Jalandhar,2500,5,2,9865100,3,Yes,No,No,Yes,Yes,0,No,Unfurnished
Jalandhar,2500,5,3,7119040,2,No,Yes,Yes,Yes,No,0,No,Semi-Furnished
Jalandhar,3000,1,1,6120644,1,No,Yes,No,Yes,No,1,Yes,Semi-Furnished
Jalandhar,3000,1,2,9379115,3,No,No,Yes,No,No,2,Yes,Semi-Furnished
Jalandhar,3000,1,3,2168657,1,No,Yes,Yes,No,Yes,1,No,Unfurnished
Jalandhar,3000,2,1,2121764,2,No,Yes,No,Yes,No,0,Yes,Furnished
Jalandhar,3000,2,2,7370566,1,Yes,No,No,Yes,Yes,1,Yes,Furnished
Jalandhar,3000,2,3,8532023,3,Yes,No,No,No,Yes,1,No,Unfurnished
Jalandhar,3000,3,1,3007809,1,Yes,No,Yes,No,Yes,1,No,Furnished
Jalandhar,3000,3,2,1377240,2,Yes,No,Yes,No,No,3,Yes,Semi-Furnished
Jalandhar,3000,3,3,2050486,2,No,No,No,No,Yes,1,No,Unfurnished
Jalandhar,3000,4,1,6763060,1,Yes,Yes,Yes,Yes,Yes,0,Yes,Semi-Furnished
Jalandhar,3000,4,2,8143188,2,No,Yes,No,No,No,1,Yes,Semi-Furnished
Jalandhar,3000,4,3,4859939,2,No,Yes,Yes,Yes,Yes,2,Yes,Semi-Furnished
Jalandhar,3000,5,1,5546407,3,Yes,No,No,Yes,Yes,1,Yes,Semi-Furnished
Jalandhar,3000,5,2,6517125,1,No,No,Yes,No,No,3,No,Semi-Furnished
Jalandhar,3000,5,3,8458975,3,No,Yes,Yes,No,Yes,3,No,Unfurnished
Jalandhar,3500,1,1,7092573,1,No,Yes,Yes,No,No,1,No,Semi-Furnished
Jalandhar,3500,1,2,6485356,2,Yes,No,No,Yes,No,2,Yes,Furnished
Jalandhar,3500,1,3,9538470,3,No,Yes,No,No,No,3,No,Unfurnished
Jalandhar,3500,2,1,2589666,3,No,Yes,No,Yes,Yes,3,No,Furnished
Jalandhar,3500,2,2,4197810,2,Yes,Yes,No,No,Yes,0,Yes,Unfurnished
Jalandhar,3500,2,3,5425411,2,Yes,Yes,Yes,No,No,1,No,Furnished
Jalandhar,3500,3,1,9396783,3,Yes,No,Yes,No,No,0,No,Furnished
Jalandhar,3500,3,2,7782539,3,Yes,Yes,Yes,No,Yes,2,Yes,Unfurnished
Jalandhar,3500,3,3,9319086,1,No,No,Yes,No,No,0,No,Semi-Furnished
Jalandhar,3500,4,1,4376422,3,Yes,Yes,No,No,Yes,0,Yes,Furnished
Jalandhar,3500,4,2,3891114,1,Yes,Yes,Yes,No,Yes,2,No,Unfurnished
Jalandhar,3500,4,3,7978961,1,Yes,Yes,Yes,No,No,3,No,Unfurnished
Jalandhar,3500,5,1,2638910,2,No,No,Yes,No,No,1,Yes,Semi-Furnished
Jalandhar,3500,5,2,3682808,1,No,No,No,Yes,Yes,1,No,Furnished
Jalandhar,3500,5,3,5529681,1,Yes,Yes,No,Yes,Yes,1,No,Semi-Furnished
Jalandhar,4000,1,1,5634894,2,No,No,Yes,No,No,3,Yes,Furnished
Jalandhar,4000,1,2,6810122,3,No,Yes,No,Yes,Yes,0,No,Unfurnished
Jalandhar,4000,1,3,1810789,2,Yes,No,Yes,Yes,No,0,Yes,Furnished
Jalandhar,4000,2,1,5334947,3,No,Yes,Yes,Yes,No,1,Yes,Furnished
Jalandhar,4000,2,2,9237497,1,No,No,Yes,Yes,No,0,No,Furnished
Jalandhar,4000,2,3,6730521,2,No,Yes,Yes,No,Yes,0,No,Furnished
Jalandhar,4000,3,1,1390990,1,No,Yes,No,No,Yes,0,No,Furnished
Jalandhar,4000,3,2,2585034,2,No,No,No,Yes,Yes,2,No,Semi-Furnished
Jalandhar,4000,3,3,2970276,1,Yes,No,Yes,No,No,1,Yes,Unfurnished
Jalandhar,4000,4,1,2997105,1,Yes,No,No,Yes,No,0,No,Unfurnished
Jalandhar,4000,4,2,6780170,3,No,Yes,No,Yes,No,0,Yes,Furnished
Jalandhar,4000,4,3,5105257,2,No,Yes,No,No,Yes,3,No,Semi-Furnished
Jalandhar,4000,5,1,9256839,1,Yes,Yes,No,No,Yes,3,Yes,Furnished
Jalandhar,4000,5,2,2398634,1,Yes,Yes,No,No,Yes,3,Yes,Semi-Furnished
Jalandhar,4000,5,3,6323942,2,No,Yes,No,Yes,No,2,No,Unfurnished
Jalandhar,4500,1,1,3543088,1,No,No,No,No,No,1,No,Semi-Furnished
Jalandhar,4500,1,2,2389395,3,Yes,Yes,No,Yes,Yes,2,Yes,Unfurnished
Jalandhar,4500,1,3,5404436,1,Yes,Yes,No,No,No,0,Yes,Furnished
Jalandhar,4500,2,1,2286877,1,No,Yes,Yes,No,No,3,No,Semi-Furnished
Jalandhar,4500,2,2,6394858,3,No,Yes,Yes,No,Yes,2,Yes,Furnished
Jalandhar,4500,2,3,8483604,2,Yes,Yes,No,No,No,3,Yes,Semi-Furnished
Jalandhar,4500,3,1,6077175,1,Yes,No,Yes,Yes,Yes,3,Yes,Semi-Furnished
Jalandhar,4500,3,2,5050604,1,No,No,Yes,No,No,0,No,Semi-Furnished
Jalandhar,4500,3,3,2581791,3,Yes,No,No,No,No,2,Yes,Furnished
Jalandhar,4500,4,1,9070585,1,No,Yes,No,Yes,No,2,No,Furnished
Jalandhar,4500,4,2,4384922,1,No,No,No,Yes,Yes,3,No,Furnished
Jalandhar,4500,4,3,7882117,1,Yes,No,Yes,Yes,Yes,2,No,Furnished
Jalandhar,4500,5,1,7102099,3,No,Yes,No,No,Yes,2,No,Furnished
Jalandhar,4500,5,2,7326677,2,Yes,No,No,Yes,Yes,1,Yes,Semi-Furnished
Jalandhar,4500,5,3,6277536,2,Yes,No,Yes,Yes,Yes,2,No,Unfurnished
Jalandhar,5000,1,1,6294944,1,No,Yes,No,Yes,Yes,3,Yes,Unfurnished
Jalandhar,5000,1,2,6387453,2,No,Yes,Yes,No,No,2,No,Furnished
Jalandhar,5000,1,3,9069622,3,No,No,No,Yes,No,0,Yes,Furnished
Jalandhar,5000,2,1,5410130,1,No,Yes,No,No,Yes,0,Yes,Furnished
Jalandhar,5000,2,2,5892225,3,Yes,Yes,Yes,Yes,No,2,No,Unfurnished
Jalandhar,5000,2,3,5635024,1,Yes,Yes,No,No,Yes,1,Yes,Furnished
Jalandhar,5000,3,1,3805458,3,Yes,Yes,Yes,No,Yes,1,Yes,Furnished
Jalandhar,5000,3,2,2803257,2,No,Yes,No,Yes,Yes,2,Yes,Furnished
Jalandhar,5000,3,3,8114259,3,Yes,Yes,Yes,Yes,Yes,2,No,Furnished
Jalandhar,5000,4,1,4687004,1,Yes,No,Yes,No,Yes,0,Yes,Semi-Furnished
Jalandhar,5000,4,2,5316211,3,Yes,No,No,Yes,No,1,No,Furnished
Jalandhar,5000,4,3,6140042,2,Yes,Yes,No,Yes,Yes,0,Yes,Furnished
Jalandhar,5000,5,1,8122082,3,No,No,No,Yes,No,1,Yes,Furnished
Jalandhar,5000,5,2,3129098,2,No,No,Yes,Yes,No,0,Yes,Furnished
Jalandhar,5000,5,3,3788466,3,No,No,No,No,Yes,3,No,Furnished
Patiala,500,1,1,3071043,3,Yes,Yes,No,Yes,No,3,Yes,Furnished
Patiala,500,1,2,4021771,3,Yes,Yes,Yes,Yes,No,1,Yes,Furnished
Patiala,500,1,3,1618233,1,No,Yes,No,Yes,No,3,Yes,Unfurnished
Patiala,500,2,1,1503061,2,Yes,Yes,Yes,Yes,Yes,3,Yes,Semi-Furnished
Patiala,500,2,2,6748890,3,No,Yes,No,Yes,No,0,Yes,Semi-Furnished
Patiala,500,2,3,9959827,3,No,No,No,Yes,No,2,Yes,Furnished
Patiala,500,3,1,2720661,2,Yes,No,Yes,Yes,No,1,Yes,Semi-Furnished
Patiala,500,3,2,3765434,1,Yes,No,No,Yes,No,1,Yes,Semi-Furnished
Patiala,500,3,3,7776877,2,Yes,No,Yes,Yes,No,0,Yes,Furnished
Patiala,500,4,1,2623190,2,Yes,No,Yes,Yes,Yes,1,Yes,Semi-Furnished
Patiala,500,4,2,8688085,2,Yes,Yes,Yes,Yes,Yes,3,No,Furnished
Patiala,500,4,3,4832214,1,No,Yes,Yes,No,No,1,No,Unfurnished
Patiala,500,5,1,2527991,3,No,Yes,Yes,No,No,1,Yes,Semi-Furnished
Patiala,500,5,2,6981741,1,Yes,No,No,No,No,0,Yes,Furnished
Patiala,500,5,3,9696044,1,No,Yes,Yes,Yes,No,2,Yes,Furnished
Patiala,1000,1,1,8849296,2,Yes,Yes,No,No,Yes,2,Yes,Furnished
Patiala,1000,1,2,2762560,3,Yes,Yes,Yes,No,No,1,Yes,Unfurnished
Patiala,1000,1,3,3253310,2,Yes,Yes,Yes,No,No,2,No,Unfurnished
Patiala,1000,2,1,1285155,1,Yes,No,No,No,Yes,1,No,Unfurnished
Patiala,1000,2,2,7575621,1,Yes,Yes,No,Yes,No,3,Yes,Unfurnished
Patiala,1000,2,3,1744091,1,No,No,No,Yes,Yes,0,No,Unfurnished
Patiala,1000,3,1,3282450,1,No,Yes,Yes,No,No,1,No,Semi-Furnished
Patiala,1000,3,2,3823590,1,No,No,No,No,Yes,2,No,Unfurnished
Patiala,1000,3,3,7071868,2,Yes,Yes,Yes,Yes,No,1,Yes,Unfurnished
Patiala,1000,4,1,1731592,2,No,Yes,No,Yes,Yes,0,No,Unfurnished
Patiala,1000,4,2,5654016,3,Yes,No,No,Yes,No,1,Yes,Furnished
Patiala,1000,4,3,5876803,2,Yes,No,No,Yes,Yes,0,Yes,Furnished
Patiala,1000,5,1,7330045,3,Yes,No,Yes,No,Yes,1,Yes,Semi-Furnished
Patiala,1000,5,2,8576331,2,Yes,No,Yes,Yes,Yes,2,No,Furnished
Patiala,1000,5,3,4994034,2,No,No,Yes,No,Yes,1,No,Semi-Furnished
Patiala,1500,1,1,2568822,2,Yes,Yes,Yes,Yes,No,1,No,Unfurnished
Patiala,1500,1,2,9488759,3,No,No,Yes,No,No,0,Yes,Semi-Furnished
Patiala,1500,1,3,6245873,1,Yes,No,Yes,No,No,1,Yes,Furnished
Patiala,1500,2,1,1338029,3,Yes,Yes,Yes,Yes,Yes,1,No,Furnished
Patiala,1500,2,2,5983930,1,No,Yes,Yes,No,Yes,3,No,Semi-Furnished
Patiala,1500,2,3,5806968,1,Yes,No,Yes,No,No,0,No,Furnished
Patiala,1500,3,1,6889189,1,No,Yes,No,Yes,No,3,No,Furnished
Patiala,1500,3,2,8099848,2,Yes,Yes,Yes,No,Yes,2,Yes,Semi-Furnished
Patiala,1500,3,3,8116175,2,Yes,Yes,Yes,Yes,Yes,3,No,Furnished
Patiala,1500,4,1,2365612,1,No,Yes,No,No,No,1,Yes,Unfurnished
Patiala,1500,4,2,3631722,2,Yes,No,No,Yes,Yes,3,No,Unfurnished
Patiala,1500,4,3,8100185,2,No,No,Yes,Yes,No,3,No,Furnished
Patiala,1500,5,1,1562358,1,No,No,Yes,No,Yes,0,Yes,Furnished
Patiala,1500,5,2,8710468,2,No,Yes,No,Yes,Yes,3,Yes,Furnished
Patiala,1500,5,3,5296755,2,No,No,Yes,No,Yes,2,Yes,Semi-Furnished
Patiala,2000,1,1,1665848,3,Yes,Yes,Yes,No,Yes,2,No,Furnished
Patiala,2000,1,2,2654426,1,Yes,Yes,No,No,No,2,No,Unfurnished
Patiala,2000,1,3,7618996,1,No,Yes,Yes,Yes,Yes,0,Yes,Furnished
Patiala,2000,2,1,9499497,3,Yes,No,No,No,No,0,No,Semi-Furnished
Patiala,2000,2,2,9125994,2,Yes,Yes,No,No,No,2,No,Unfurnished
Patiala,2000,2,3,3911409,1,No,No,Yes,No,No,1,No,Semi-Furnished
Patiala,2000,3,1,9974764,3,Yes,Yes,No,No,Yes,3,No,Unfurnished
Patiala,2000,3,2,9243440,3,Yes,No,No,Yes,No,0,No,Unfurnished
Patiala,2000,3,3,9624978,2,Yes,No,No,No,No,0,No,Furnished
Patiala,2000,4,1,3009146,2,Yes,No,No,Yes,Yes,3,No,Unfurnished
Patiala,2000,4,2,4049327,2,Yes,No,No,Yes,No,1,Yes,Semi-Furnished
Patiala,2000,4,3,3466631,3,Yes,Yes,Yes,No,Yes,1,Yes,Furnished
Patiala,2000,5,1,4874549,3,No,Yes,Yes,No,No,2,No,Furnished
Patiala,2000,5,2,9643473,3,Yes,No,No,No,No,2,No,Semi-Furnished
Patiala,2000,5,3,4231187,3,Yes,Yes,Yes,Yes,Yes,3,Yes,Unfurnished
Patiala,2500,1,1,5806981,3,No,Yes,No,No,Yes,3,Yes,Furnished
Patiala,2500,1,2,5756819,1,No,Yes,Yes,No,No,0,No,Furnished
Patiala,2500,1,3,3276056,1,No,Yes,No,No,No,0,No,Unfurnished
Patiala,2500,2,1,7375049,3,Yes,Yes,No,Yes,Yes,0,Yes,Semi-Furnished
Patiala,2500,2,2,3815943,1,No,No,Yes,Yes,No,2,No,Furnished
Patiala,2500,2,3,1341925,1,No,Yes,No,Yes,No,0,No,Semi-Furnished
Patiala,2500,3,1,9800978,1,Yes,Yes,Yes,Yes,No,0,No,Unfurnished
Patiala,2500,3,2,7672112,2,Yes,No,No,No,No,1,Yes,Semi-Furnished
Patiala,2500,3,3,8193540,2,No,Yes,No,Yes,No,0,Yes,Semi-Furnished
Patiala,2500,4,1,3221449,1,No,Yes,Yes,No,Yes,2,No,Unfurnished
Patiala,2500,4,2,3441802,1,Yes,No,Yes,Yes,No,3,Yes,Unfurnished
Patiala,2500,4,3,3918308,1,Yes,Yes,Yes,Yes,No,3,No,Semi-Furnished
Patiala,2500,5,1,6054861,3,Yes,No,No,Yes,No,1,No,Unfurnished
Patiala,2500,5,2,4199978,1,Yes,Yes,No,No,No,1,Yes,Semi-Furnished
Patiala,2500,5,3,4907165,3,Yes,Yes,Yes,Yes,No,2,Yes,Semi-Furnished
Patiala,3000,1,1,5561971,1,No,Yes,No,No,Yes,1,Yes,Furnished
Patiala,3000,1,2,2805158,3,Yes,Yes,Yes,Yes,No,3,No,Semi-Furnished
Patiala,3000,1,3,8744795,3,No,Yes,No,Yes,Yes,0,No,Unfurnished
Patiala,3000,2,1,5045850,2,No,Yes,No,Yes,No,1,Yes,Furnished
Patiala,3000,2,2,4189445,3,Yes,Yes,Yes,Yes,No,2,Yes,Furnished
Patiala,3000,2,3,4819843,1,Yes,No,No,No,No,0,Yes,Semi-Furnished
Patiala,3000,3,1,8771955,1,No,No,No,No,No,2,No,Unfurnished
Patiala,3000,3,2,7977508,2,No,Yes,Yes,Yes,Yes,1,Yes,Semi-Furnished
Patiala,3000,3,3,3977856,3,No,No,Yes,No,No,3,Yes,Unfurnished
Patiala,3000,4,1,7363570,1,No,Yes,Yes,No,Yes,3,Yes,Semi-Furnished
Patiala,3000,4,2,8581273,1,Yes,Yes,No,Yes,No,0,Yes,Semi-Furnished
Patiala,3000,4,3,3097189,3,No,Yes,No,Yes,Yes,1,Yes,Furnished
Patiala,3000,5,1,2466581,3,Yes,No,Yes,Yes,No,1,Yes,Furnished
Patiala,3000,5,2,7115959,2,Yes,Yes,No,No,No,3,Yes,Semi-Furnished
Patiala,3000,5,3,4191609,1,Yes,No,No,Yes,No,0,No,Unfurnished
Patiala,3500,1,1,1702306,1,No,Yes,No,No,Yes,3,Yes,Unfurnished
Patiala,3500,1,2,3757875,2,No,Yes,No,Yes,No,3,No,Semi-Furnished
Patiala,3500,1,3,1617831,2,Yes,No,No,No,No,1,No,Semi-Furnished
Patiala,3500,2,1,7778737,1,Yes,No,Yes,No,No,2,No,Furnished
Patiala,3500,2,2,9035464,2,No,Yes,Yes,Yes,Yes,3,Yes,Unfurnished
Patiala,3500,2,3,5741999,3,Yes,Yes,No,No,No,3,Yes,Semi-Furnished
Patiala,3500,3,1,9361228,2,Yes,Yes,Yes,No,No,0,No,Semi-Furnished
Patiala,3500,3,2,7203353,3,No,Yes,Yes,No,Yes,2,No,Semi-Furnished
Patiala,3500,3,3,3174045,3,Yes,Yes,Yes,Yes,Yes,3,No,Unfurnished
Patiala,3500,4,1,2360593,1,Yes,Yes,No,Yes,Yes,1,No,Semi-Furnished
Patiala,3500,4,2,5515175,2,Yes,No,Yes,Yes,Yes,3,Yes,Semi-Furnished
Patiala,3500,4,3,5660904,2,No,No,No,Yes,No,3,Yes,Semi-Furnished
Patiala,3500,5,1,3572939,3,Yes,No,Yes,No,Yes,2,Yes,Unfurnished
Patiala,3500,5,2,2183845,1,Yes,Yes,Yes,No,Yes,2,No,Furnished
Patiala,3500,5,3,9650364,1,No,No,Yes,No,Yes,2,No,Semi-Furnished
Patiala,4000,1,1,3655387,3,No,Yes,Yes,Yes,Yes,2,No,Furnished
Patiala,4000,1,2,3050711,2,Yes,No,No,No,No,3,Yes,Unfurnished
Patiala,4000,1,3,5604097,3,Yes,No,No,Yes,Yes,2,Yes,Unfurnished
Patiala,4000,2,1,2780726,3,Yes,Yes,Yes,No,Yes,0,No,Semi-Furnished
Patiala,4000,2,2,4184520,3,Yes,No,No,Yes,Yes,0,No,Furnished
Patiala,4000,2,3,6691200,1,Yes,No,No,Yes,Yes,3,Yes,Unfurnished
Patiala,4000,3,1,3057380,2,No,Yes,No,No,No,2,No,Semi-Furnished
Patiala,4000,3,2,9939970,2,Yes,No,Yes,Yes,Yes,3,Yes,Semi-Furnished
Patiala,4000,3,3,2710036,1,Yes,No,No,No,Yes,1,Yes,Semi-Furnished
Patiala,4000,4,1,3017848,3,Yes,No,Yes,Yes,No,3,Yes,Semi-Furnished
Patiala,4000,4,2,6072757,1,No,No,No,No,No,1,No,Unfurnished
Patiala,4000,4,3,4921702,3,Yes,No,No,No,Yes,2,Yes,Unfurnished
Patiala,4000,5,1,7695017,3,No,Yes,No,No,Yes,3,No,Unfurnished
Patiala,4000,5,2,7568874,2,Yes,No,Yes,No,No,0,Yes,Furnished
Patiala,4000,5,3,3429651,2,Yes,No,Yes,No,No,0,No,Furnished
Patiala,4500,1,1,3796236,2,Yes,Yes,No,No,No,3,No,Unfurnished
Patiala,4500,1,2,5683318,1,No,No,No,No,Yes,3,No,Furnished
Patiala,4500,1,3,1956421,1,No,Yes,Yes,No,Yes,1,Yes,Furnished
Patiala,4500,2,1,9530365,1,Yes,Yes,No,Yes,Yes,2,Yes,Furnished
Patiala,4500,2,2,3466996,3,Yes,No,Yes,Yes,Yes,3,No,Unfurnished
Patiala,4500,2,3,3703286,3,No,Yes,Yes,Yes,Yes,1,Yes,Semi-Furnished
Patiala,4500,3,1,7761980,1,Yes,No,No,No,Yes,2,No,Unfurnished
Patiala,4500,3,2,1810812,1,Yes,No,Yes,No,No,2,No,Semi-Furnished
Patiala,4500,3,3,2438311,3,No,No,No,Yes,No,3,No,Unfurnished
Patiala,4500,4,1,8970372,1,No,No,No,No,No,1,Yes,Semi-Furnished
Patiala,4500,4,2,8104511,1,Yes,Yes,Yes,Yes,No,3,Yes,Furnished
Patiala,4500,4,3,9561942,2,Yes,No,No,Yes,Yes,3,No,Unfurnished
Patiala,4500,5,1,3559680,3,Yes,No,No,No,No,0,Yes,Furnished
Patiala,4500,5,2,7973885,1,Yes,No,Yes,No,Yes,0,Yes,Furnished
Patiala,4500,5,3,6821795,3,No,Yes,No,Yes,Yes,3,Yes,Furnished
Patiala,5000,1,1,7074422,3,Yes,Yes,No,Yes,Yes,3,Yes,Furnished
Patiala,5000,1,2,3875279,3,No,No,No,No,Yes,2,No,Furnished
Patiala,5000,1,3,8312861,2,No,No,No,No,Yes,1,No,Furnished
Patiala,5000,2,1,1243600,2,No,Yes,No,No,No,1,Yes,Furnished
Patiala,5000,2,2,1552610,1,Yes,No,No,Yes,Yes,2,No,Furnished
Patiala,5000,2,3,4451702,3,Yes,Yes,Yes,No,No,0,No,Unfurnished
Patiala,5000,3,1,3930477,3,No,Yes,No,Yes,No,2,Yes,Semi-Furnished
Patiala,5000,3,2,5387761,2,No,Yes,No,Yes,Yes,2,No,Furnished
Patiala,5000,3,3,3679123,2,Yes,Yes,No,Yes,No,0,No,Furnished
Patiala,5000,4,1,1524255,1,No,No,Yes,No,Yes,2,No,Unfurnished
Patiala,5000,4,2,3054924,2,No,No,No,No,Yes,0,No,Furnished
Patiala,5000,4,3,1198683,2,No,No,Yes,Yes,Yes,2,Yes,Semi-Furnished
Patiala,5000,5,1,8923459,1,No,No,Yes,Yes,No,0,No,Semi-Furnished
Patiala,5000,5,2,4187637,1,No,Yes,No,No,No,2,Yes,Semi-Furnished
Patiala,5000,5,3,5715594,2,No,Yes,No,Yes,Yes,0,Yes,Semi-Furnished
Bathinda,500,1,1,8642880,2,Yes,No,Yes,No,Yes,0,Yes,Furnished
Bathinda,500,1,2,2834551,2,Yes,Yes,Yes,Yes,No,1,No,Semi-Furnished
Bathinda,500,1,3,5846077,2,Yes,Yes,Yes,Yes,No,2,No,Unfurnished
Bathinda,500,2,1,4248641,3,No,No,Yes,No,No,2,No,Furnished
Bathinda,500,2,2,8271489,1,Yes,Yes,No,No,No,2,Yes,Furnished
Bathinda,500,2,3,4126666,1,No,Yes,Yes,Yes,No,1,Yes,Semi-Furnished
Bathinda,500,3,1,3606507,2,Yes,Yes,Yes,No,Yes,3,No,Furnished
Bathinda,500,3,2,1580251,2,Yes,No,Yes,No,No,0,No,Furnished
Bathinda,500,3,3,9873286,2,No,No,No,Yes,No,3,No,Furnished
Bathinda,500,4,1,4139099,3,Yes,No,No,Yes,Yes,3,Yes,Unfurnished
Bathinda,500,4,2,5854286,3,No,Yes,No,No,Yes,2,Yes,Unfurnished
Bathinda,500,4,3,3198458,1,No,No,No,No,No,2,Yes,Unfurnished
Bathinda,500,5,1,9957196,2,Yes,No,No,No,Yes,2,No,Furnished
Bathinda,500,5,2,9870011,3,Yes,No,Yes,Yes,No,1,No,Unfurnished
Bathinda,500,5,3,1830971,2,Yes,No,Yes,No,Yes,2,No,Unfurnished
Bathinda,1000,1,1,4818150,1,Yes,No,Yes,No,No,1,No,Semi-Furnished
Bathinda,1000,1,2,7596983,1,No,No,Yes,Yes,No,3,No,Furnished
Bathinda,1000,1,3,8635333,2,No,No,No,No,No,3,No,Semi-Furnished
Bathinda,1000,2,1,5626527,2,No,Yes,No,Yes,No,1,No,Furnished
Bathinda,1000,2,2,4539638,3,Yes,Yes,No,No,Yes,2,Yes,Furnished
Bathinda,1000,2,3,1535372,2,Yes,Yes,No,Yes,No,3,Yes,Unfurnished
Bathinda,1000,3,1,5876843,1,Yes,No,Yes,Yes,No,1,No,Semi-Furnished
Bathinda,1000,3,2,6736438,1,No,Yes,No,Yes,No,0,No,Unfurnished
Bathinda,1000,3,3,5404260,3,No,Yes,No,No,No,1,Yes,Unfurnished
Bathinda,1000,4,1,9917309,3,No,No,No,Yes,Yes,0,No,Semi-Furnished
Bathinda,1000,4,2,6049430,3,No,No,Yes,No,No,0,Yes,Furnished
Bathinda,1000,4,3,7533983,2,Yes,Yes,No,No,Yes,3,No,Furnished
Bathinda,1000,5,1,4578898,3,No,No,Yes,Yes,Yes,1,Yes,Semi-Furnished
Bathinda,1000,5,2,7513266,1,No,No,Yes,Yes,Yes,1,No,Semi-Furnished
Bathinda,1000,5,3,1850853,3,Yes,No,Yes,No,Yes,2,Yes,Semi-Furnished
Bathinda,1500,1,1,5837668,3,Yes,No,Yes,Yes,Yes,1,No,Semi-Furnished
Bathinda,1500,1,2,7266942,3,Yes,Yes,Yes,No,No,2,Yes,Unfurnished
Bathinda,1500,1,3,6387386,1,No,No,No,Yes,Yes,3,Yes,Semi-Furnished
Bathinda,1500,2,1,1295064,2,No,No,Yes,Yes,Yes,2,No,Furnished
Bathinda,1500,2,2,7511940,1,Yes,Yes,No,No,No,0,No,Unfurnished
Bathinda,1500,2,3,5042783,3,No,Yes,Yes,Yes,Yes,3,No,Unfurnished
Bathinda,1500,3,1,8943364,3,Yes,Yes,No,Yes,Yes,3,Yes,Semi-Furnished
Bathinda,1500,3,2,5563976,3,No,No,Yes,No,No,1,No,Unfurnished
Bathinda,1500,3,3,3312867,3,No,No,Yes,Yes,No,1,Yes,Semi-Furnished
Bathinda,1500,4,1,9613523,1,Yes,No,No,Yes,Yes,0,No,Semi-Furnished
Bathinda,1500,4,2,7417180,3,No,Yes,Yes,Yes,Yes,2,Yes,Unfurnished
Bathinda,1500,4,3,3249765,1,Yes,Yes,Yes,Yes,No,2,Yes,Unfurnished
Bathinda,1500,5,1,9629677,3,Yes,Yes,No,Yes,No,0,No,Semi-Furnished
Bathinda,1500,5,2,8013314,2,Yes,No,Yes,No,No,1,No,Unfurnished
Bathinda,1500,5,3,9096444,2,No,Yes,Yes,Yes,Yes,1,No,Semi-Furnished
Bathinda,2000,1,1,1735184,1,No,Yes,Yes,No,Yes,3,Yes,Furnished
Bathinda,2000,1,2,2737299,3,No,Yes,No,No,No,1,No,Unfurnished
Bathinda,2000,1,3,7783381,3,Yes,No,Yes,No,Yes,0,Yes,Semi-Furnished
Bathinda,2000,2,1,2609704,3,Yes,Yes,No,No,Yes,2,No,Semi-Furnished
Bathinda,2000,2,2,3322884,3,No,Yes,Yes,No,Yes,2,No,Furnished
Bathinda,2000,2,3,5386506,1,No,Yes,Yes,No,Yes,1,No,Furnished
Bathinda,2000,3,1,1192931,2,Yes,No,Yes,Yes,Yes,1,Yes,Furnished
Bathinda,2000,3,2,5215248,2,Yes,No,Yes,Yes,No,3,No,Semi-Furnished
Bathinda,2000,3,3,9129562,3,Yes,Yes,No,Yes,Yes,2,Yes,Furnished
Bathinda,2000,4,1,7169018,1,No,Yes,No,Yes,Yes,0,No,Semi-Furnished
Bathinda,2000,4,2,9655004,3,No,Yes,No,No,Yes,1,No,Unfurnished
Bathinda,2000,4,3,1112246,2,No,No,Yes,No,Yes,2,No,Furnished
Bathinda,2000,5,1,2522876,1,No,No,No,No,Yes,0,Yes,Unfurnished
Bathinda,2000,5,2,3372334,3,Yes,Yes,No,No,No,3,No,Semi-Furnished
Bathinda,2000,5,3,7696319,3,Yes,No,No,Yes,Yes,1,Yes,Furnished
Bathinda,2500,1,1,7624116,3,Yes,No,No,No,No,2,Yes,Unfurnished
Bathinda,2500,1,2,9515093,3,No,No,No,No,No,3,No,Semi-Furnished
Bathinda,2500,1,3,7303296,3,No,No,No,No,No,1,Yes,Furnished
Bathinda,2500,2,1,4805684,3,Yes,No,Yes,No,No,2,No,Furnished
Bathinda,2500,2,2,9814844,2,No,No,Yes,No,No,2,No,Unfurnished
Bathinda,2500,2,3,8260563,1,No,Yes,No,Yes,Yes,3,Yes,Unfurnished
Bathinda,2500,3,1,7345098,2,No,Yes,No,No,No,1,Yes,Furnished
Bathinda,2500,3,2,9360650,1,No,No,No,Yes,No,1,No,Unfurnished
Bathinda,2500,3,3,8650107,2,Yes,No,Yes,Yes,Yes,0,No,Semi-Furnished
Bathinda,2500,4,1,5492717,2,Yes,Yes,Yes,Yes,Yes,0,Yes,Unfurnished
Bathinda,2500,4,2,1507926,2,Yes,Yes,Yes,No,Yes,3,Yes,Furnished
Bathinda,2500,4,3,7035244,1,No,Yes,Yes,No,Yes,2,No,Semi-Furnished
Bathinda,2500,5,1,2898887,3,No,No,No,Yes,No,0,Yes,Unfurnished
Bathinda,2500,5,2,6208150,1,No,No,No,No,No,1,Yes,Semi-Furnished
Bathinda,2500,5,3,9611286,1,Yes,Yes,Yes,Yes,Yes,3,No,Semi-Furnished
Bathinda,3000,1,1,8588298,1,Yes,Yes,Yes,No,No,3,No,Semi-Furnished
Bathinda,3000,1,2,4661504,3,No,No,Yes,Yes,Yes,0,Yes,Semi-Furnished
Bathinda,3000,1,3,2938754,1,No,No,Yes,Yes,Yes,2,Yes,Furnished
Bathinda,3000,2,1,7320029,1,No,Yes,No,No,No,3,Yes,Furnished
Bathinda,3000,2,2,5686276,2,No,No,No,Yes,No,2,Yes,Semi-Furnished
Bathinda,3000,2,3,4976763,2,No,Yes,Yes,No,No,0,No,Semi-Furnished
Bathinda,3000,3,1,1881749,2,No,Yes,No,No,Yes,3,Yes,Semi-Furnished
Bathinda,3000,3,2,7854196,2,No,Yes,Yes,No,No,3,Yes,Furnished
Bathinda,3000,3,3,3241655,3,Yes,Yes,No,No,Yes,0,No,Unfurnished
Bathinda,3000,4,1,5646593,2,No,Yes,No,No,No,0,No,Furnished
Bathinda,3000,4,2,4089407,1,No,No,Yes,Yes,Yes,0,No,Unfurnished
Bathinda,3000,4,3,7535966,2,No,Yes,Yes,Yes,Yes,3,Yes,Semi-Furnished
Bathinda,3000,5,1,1536982,2,Yes,No,No,No,Yes,0,No,Furnished
Bathinda,3000,5,2,3949776,1,No,No,Yes,Yes,No,1,Yes,Semi-Furnished
Bathinda,3000,5,3,4647321,1,Yes,No,Yes,No,Yes,2,Yes,Semi-Furnished
Bathinda,3500,1,1,2797388,2,Yes,No,No,No,No,2,No,Furnished
Bathinda,3500,1,2,4901295,3,No,No,No,No,Yes,0,No,Unfurnished
Bathinda,3500,1,3,7214000,3,No,Yes,Yes,No,Yes,3,Yes,Furnished
Bathinda,3500,2,1,9475892,3,No,Yes,Yes,Yes,Yes,0,No,Unfurnished
Bathinda,3500,2,2,1344112,2,No,Yes,No,No,No,0,Yes,Unfurnished
Bathinda,3500,2,3,7573065,3,No,Yes,Yes,Yes,No,1,No,Semi-Furnished
Bathinda,3500,3,1,4518523,2,Yes,No,No,No,Yes,3,Yes,Unfurnished
Bathinda,3500,3,2,1785610,3,Yes,No,No,No,No,2,Yes,Semi-Furnished
Bathinda,3500,3,3,2478103,2,No,Yes,No,No,Yes,2,Yes,Semi-Furnished
Bathinda,3500,4,1,7015490,3,No,No,Yes,Yes,No,3,Yes,Unfurnished
Bathinda,3500,4,2,2377820,1,Yes,No,Yes,Yes,Yes,0,Yes,Semi-Furnished
Bathinda,3500,4,3,9946662,1,Yes,No,Yes,No,Yes,3,No,Unfurnished
Bathinda,3500,5,1,4794846,1,Yes,No,No,Yes,No,0,No,Unfurnished
Bathinda,3500,5,2,9756025,1,No,Yes,Yes,No,No,0,No,Semi-Furnished
Bathinda,3500,5,3,9310464,1,Yes,Yes,No,No,No,1,Yes,Unfurnished
Bathinda,4000,1,1,1741609,1,Yes,No,No,No,No,2,Yes,Unfurnished
Bathinda,4000,1,2,8909480,2,Yes,No,No,No,No,3,Yes,Semi-Furnished
Bathinda,4000,1,3,4140887,1,Yes,Yes,Yes,Yes,No,0,No,Unfurnished
Bathinda,4000,2,1,3222348,3,Yes,Yes,Yes,Yes,Yes,0,No,Unfurnished
Bathinda,4000,2,2,6351173,3,No,Yes,Yes,No,No,1,No,Semi-Furnished
Bathinda,4000,2,3,5231608,2,No,Yes,Yes,Yes,No,1,Yes,Semi-Furnished
Bathinda,4000,3,1,4809240,3,Yes,Yes,No,Yes,No,2,Yes,Furnished
Bathinda,4000,3,2,8222586,3,Yes,No,Yes,No,No,2,No,Unfurnished
Bathinda,4000,3,3,7681970,2,Yes,Yes,No,No,No,0,Yes,Semi-Furnished
Bathinda,4000,4,1,2217336,3,No,No,No,Yes,No,0,No,Semi-Furnished
Bathinda,4000,4,2,9691132,1,No,No,Yes,No,No,1,Yes,Furnished
Bathinda,4000,4,3,6796664,2,Yes,Yes,No,Yes,No,3,No,Semi-Furnished
Bathinda,4000,5,1,9623911,1,Yes,No,No,No,No,1,No,Unfurnished
Bathinda,4000,5,2,9733036,2,No,No,Yes,Yes,No,3,Yes,Semi-Furnished
Bathinda,4000,5,3,3448022,2,Yes,Yes,No,Yes,Yes,3,Yes,Furnished
Bathinda,4500,1,1,4571678,2,No,Yes,No,No,Yes,2,No,Furnished
Bathinda,4500,1,2,3408305,2,Yes,Yes,No,No,No,0,No,Unfurnished
Bathinda,4500,1,3,1797092,3,No,Yes,Yes,No,Yes,3,Yes,Semi-Furnished
Bathinda,4500,2,1,5526557,2,No,Yes,No,Yes,Yes,3,Yes,Semi-Furnished
Bathinda,4500,2,2,5844825,3,No,Yes,No,Yes,Yes,2,Yes,Unfurnished
Bathinda,4500,2,3,3210886,1,Yes,No,No,Yes,Yes,2,No,Semi-Furnished
Bathinda,4500,3,1,9516434,2,No,No,Yes,No,No,0,No,Furnished
Bathinda,4500,3,2,3267463,3,Yes,Yes,No,Yes,Yes,3,No,Furnished
Bathinda,4500,3,3,9625100,2,Yes,No,No,Yes,No,2,Yes,Unfurnished
Bathinda,4500,4,1,6826981,2,No,Yes,Yes,No,No,0,Yes,Furnished
Bathinda,4500,4,2,9948618,2,Yes,No,Yes,Yes,No,2,Yes,Furnished
Bathinda,4500,4,3,6465281,1,Yes,Yes,No,No,No,2,No,Unfurnished
Bathinda,4500,5,1,2332286,1,No,Yes,Yes,Yes,No,3,No,Unfurnished
Bathinda,4500,5,2,3101426,1,No,No,No,No,Yes,2,No,Semi-Furnished
Bathinda,4500,5,3,7663977,3,No,Yes,Yes,No,No,0,Yes,Furnished
Bathinda,5000,1,1,5846792,3,No,No,No,No,No,1,Yes,Semi-Furnished
Bathinda,5000,1,2,9873461,3,Yes,Yes,No,No,No,0,No,Unfurnished
Bathinda,5000,1,3,3950345,1,No,Yes,Yes,No,Yes,0,No,Semi-Furnished
Bathinda,5000,2,1,4090312,2,No,No,Yes,Yes,No,1,No,Furnished
Bathinda,5000,2,2,8515920,1,Yes,Yes,Yes,No,No,3,Yes,Furnished
Bathinda,5000,2,3,6405262,2,Yes,No,Yes,Yes,Yes,2,Yes,Furnished
Bathinda,5000,3,1,7816953,2,No,No,Yes,No,Yes,1,No,Furnished
Bathinda,5000,3,2,2244293,3,No,Yes,Yes,Yes,Yes,0,No,Unfurnished
Bathinda,5000,3,3,5582829,2,No,No,Yes,Yes,Yes,2,No,Unfurnished
Bathinda,5000,4,1,3824674,3,Yes,Yes,Yes,Yes,No,3,No,Furnished
Bathinda,5000,4,2,4372853,3,Yes,Yes,Yes,No,No,1,Yes,Semi-Furnished
Bathinda,5000,4,3,2021273,2,Yes,Yes,No,No,No,0,Yes,Furnished
Bathinda,5000,5,1,8009116,1,No,No,No,Yes,No,2,Yes,Unfurnished
Bathinda,5000,5,2,5793492,2,Yes,Yes,No,Yes,Yes,3,No,Semi-Furnished
Bathinda,5000,5,3,9076337,1,Yes,No,Yes,Yes,Yes,1,Yes,Semi-Furnished
Mohali,500,1,1,1844334,1,Yes,No,Yes,Yes,Yes,3,No,Semi-Furnished
Mohali,500,1,2,3591644,1,Yes,Yes,No,Yes,Yes,3,Yes,Furnished
Mohali,500,1,3,2957171,3,No,Yes,Yes,No,No,2,Yes,Unfurnished
Mohali,500,2,1,9357081,2,No,No,Yes,Yes,No,0,Yes,Semi-Furnished
Mohali,500,2,2,7686411,1,No,Yes,No,Yes,Yes,2,No,Semi-Furnished
Mohali,500,2,3,7032077,1,Yes,No,Yes,Yes,Yes,3,Yes,Furnished
Mohali,500,3,1,4063051,2,Yes,No,No,No,Yes,0,Yes,Semi-Furnished
Mohali,500,3,2,1197929,3,Yes,No,Yes,No,No,0,No,Furnished
Mohali,500,3,3,3475063,1,Yes,No,No,Yes,No,1,Yes,Furnished
Mohali,500,4,1,9654792,3,No,No,Yes,No,No,1,Yes,Semi-Furnished
Mohali,500,4,2,3814141,1,No,Yes,No,Yes,Yes,1,Yes,Unfurnished
Mohali,500,4,3,2527070,3,No,Yes,Yes,Yes,No,1,No,Unfurnished
Mohali,500,5,1,2654621,1,No,No,No,No,Yes,2,No,Furnished
Mohali,500,5,2,9506034,1,No,No,Yes,No,Yes,3,Yes,Furnished
Mohali,500,5,3,5173830,2,Yes,Yes,No,Yes,Yes,0,Yes,Furnished
Mohali,1000,1,1,2387146,2,Yes,No,Yes,No,No,2,Yes,Unfurnished
Mohali,1000,1,2,2143677,2,Yes,No,Yes,Yes,No,2,Yes,Unfurnished
Mohali,1000,1,3,9261109,2,No,No,No,Yes,Yes,3,No,Unfurnished
Mohali,1000,2,1,5277210,3,Yes,Yes,Yes,No,Yes,2,No,Semi-Furnished
Mohali,1000,2,2,4893045,1,Yes,Yes,No,Yes,Yes,1,Yes,Semi-Furnished
Mohali,1000,2,3,8165959,1,No,Yes,Yes,No,Yes,0,Yes,Furnished
Mohali,1000,3,1,7981785,1,No,No,Yes,Yes,No,1,Yes,Unfurnished
Mohali,1000,3,2,4506452,3,No,Yes,No,Yes,No,0,Yes,Semi-Furnished
Mohali,1000,3,3,8248329,3,Yes,No,No,Yes,No,0,Yes,Unfurnished
Mohali,1000,4,1,2048123,1,Yes,Yes,Yes,Yes,No,1,Yes,Unfurnished
Mohali,1000,4,2,3261161,3,Yes,Yes,Yes,Yes,Yes,2,No,Unfurnished
Mohali,1000,4,3,2179410,1,Yes,Yes,No,No,Yes,0,No,Unfurnished
Mohali,1000,5,1,4781480,2,No,No,Yes,No,Yes,1,Yes,Semi-Furnished
Mohali,1000,5,2,1224198,1,Yes,No,No,No,Yes,1,Yes,Furnished
Mohali,1000,5,3,8268411,1,Yes,Yes,Yes,No,No,0,Yes,Furnished
Mohali,1500,1,1,7928086,3,Yes,No,No,Yes,No,1,Yes,Unfurnished
Mohali,1500,1,2,5887285,2,Yes,Yes,Yes,Yes,No,2,No,Semi-Furnished
Mohali,1500,1,3,6099514,1,Yes,Yes,Yes,Yes,Yes,1,Yes,Furnished
Mohali,1500,2,1,6466902,1,Yes,No,Yes,No,No,1,Yes,Unfurnished
Mohali,1500,2,2,6925982,2,No,Yes,No,No,No,3,No,Semi-Furnished
Mohali,1500,2,3,5671501,3,Yes,Yes,No,No,Yes,2,Yes,Semi-Furnished
Mohali,1500,3,1,2702481,2,Yes,No,No,No,Yes,1,Yes,Unfurnished
Mohali,1500,3,2,4941489,3,Yes,No,Yes,Yes,Yes,2,Yes,Semi-Furnished
Mohali,1500,3,3,4670721,1,Yes,Yes,Yes,No,Yes,2,Yes,Unfurnished
Mohali,1500,4,1,7713688,2,No,Yes,Yes,Yes,Yes,3,Yes,Furnished
Mohali,1500,4,2,5921332,1,Yes,No,No,Yes,No,0,No,Furnished
Mohali,1500,4,3,5115249,1,Yes,Yes,Yes,No,Yes,3,Yes,Furnished
Mohali,1500,5,1,2187537,2,Yes,No,No,No,Yes,1,No,Unfurnished
Mohali,1500,5,2,4962439,3,Yes,Yes,No,Yes,Yes,0,No,Furnished
Mohali,1500,5,3,3504953,2,Yes,No,Yes,Yes,Yes,0,Yes,Semi-Furnished
Mohali,2000,1,1,6373111,2,No,Yes,No,No,No,0,No,Furnished
Mohali,2000,1,2,3475644,2,No,No,Yes,Yes,No,1,No,Semi-Furnished
Mohali,2000,1,3,8066259,2,No,Yes,No,Yes,No,2,No,Semi-Furnished
Mohali,2000,2,1,3326848,2,Yes,No,Yes,No,No,1,Yes,Furnished
Mohali,2000,2,2,7871412,3,Yes,Yes,Yes,No,No,1,Yes,Semi-Furnished
Mohali,2000,2,3,2144552,1,Yes,No,Yes,Yes,Yes,1,Yes,Unfurnished
Mohali,2000,3,1,6481538,1,No,Yes,Yes,No,Yes,1,No,Semi-Furnished
Mohali,2000,3,2,5757948,1,No,Yes,No,Yes,Yes,2,No,Unfurnished
Mohali,2000,3,3,1216614,2,No,Yes,Yes,Yes,No,2,Yes,Furnished
Mohali,2000,4,1,7807152,1,No,No,Yes,Yes,No,3,Yes,Semi-Furnished
Mohali,2000,4,2,6870945,2,No,Yes,No,No,No,1,No,Semi-Furnished
Mohali,2000,4,3,4279496,2,No,No,No,Yes,No,2,No,Unfurnished
Mohali,2000,5,1,2488219,1,Yes,Yes,Yes,No,Yes,2,No,Furnished
Mohali,2000,5,2,4912759,2,Yes,No,Yes,No,Yes,0,No,Semi-Furnished
Mohali,2000,5,3,9868475,2,No,Yes,No,Yes,Yes,0,Yes,Furnished
Mohali,2500,1,1,9373818,3,Yes,Yes,No,No,No,1,Yes,Furnished
Mohali,2500,1,2,2381601,2,No,Yes,No,Yes,Yes,2,No,Unfurnished
Mohali,2500,1,3,3441520,3,No,No,No,No,No,0,No,Furnished
Mohali,2500,2,1,1456394,1,Yes,No,No,No,No,3,Yes,Semi-Furnished
Mohali,2500,2,2,1813523,2,Yes,Yes,Yes,No,No,0,Yes,Furnished
Mohali,2500,2,3,5792449,3,Yes,No,Yes,Yes,Yes,3,Yes,Furnished
Mohali,2500,3,1,4628435,1,No,Yes,No,Yes,Yes,3,Yes,Furnished
Mohali,2500,3,2,6522644,3,Yes,Yes,Yes,No,Yes,2,No,Semi-Furnished
Mohali,2500,3,3,3424803,1,Yes,Yes,No,No,Yes,0,No,Furnished
Mohali,2500,4,1,6548863,1,Yes,Yes,Yes,No,Yes,1,Yes,Semi-Furnished
Mohali,2500,4,2,2377904,2,Yes,No,Yes,No,Yes,1,No,Furnished
Mohali,2500,4,3,9120267,2,No,Yes,Yes,No,Yes,2,Yes,Unfurnished
Mohali,2500,5,1,1611226,3,No,Yes,No,Yes,No,1,No,Furnished
Mohali,2500,5,2,5278890,3,Yes,No,Yes,No,No,2,No,Semi-Furnished
Mohali,2500,5,3,6020582,2,No,No,No,Yes,No,0,Yes,Furnished
Mohali,3000,1,1,1171924,3,No,Yes,Yes,Yes,No,2,Yes,Furnished
Mohali,3000,1,2,1746174,3,Yes,Yes,No,No,Yes,2,No,Furnished
Mohali,3000,1,3,7780294,2,Yes,Yes,No,Yes,Yes,1,No,Furnished
Mohali,3000,2,1,6170091,2,Yes,No,Yes,Yes,No,1,Yes,Semi-Furnished
Mohali,3000,2,2,4151856,1,Yes,Yes,No,Yes,Yes,0,No,Unfurnished
Mohali,3000,2,3,5045198,2,No,No,Yes,No,No,3,No,Furnished
Mohali,3000,3,1,9526394,3,Yes,No,No,No,Yes,2,No,Furnished
Mohali,3000,3,2,7748817,3,No,No,No,No,Yes,3,No,Furnished
Mohali,3000,3,3,5012369,2,No,Yes,Yes,Yes,No,0,No,Unfurnished
Mohali,3000,4,1,6943615,1,Yes,No,Yes,Yes,Yes,2,No,Furnished
Mohali,3000,4,2,4888193,2,Yes,No,Yes,Yes,Yes,1,Yes,Furnished
Mohali,3000,4,3,2839293,3,Yes,No,Yes,No,No,0,No,Semi-Furnished
Mohali,3000,5,1,7374765,2,Yes,Yes,Yes,No,Yes,1,No,Furnished
Mohali,3000,5,2,3916814,2,No,Yes,Yes,No,Yes,0,Yes,Unfurnished
Mohali,3000,5,3,3098272,2,No,No,Yes,No,Yes,0,Yes,Semi-Furnished
Mohali,3500,1,1,2165866,1,No,No,Yes,Yes,Yes,1,Yes,Furnished
Mohali,3500,1,2,2937277,2,Yes,Yes,Yes,Yes,Yes,2,Yes,Unfurnished
Mohali,3500,1,3,8198803,2,No,No,Yes,Yes,No,1,No,Furnished
Mohali,3500,2,1,8035075,2,No,Yes,Yes,Yes,Yes,3,No,Furnished
Mohali,3500,2,2,7068141,3,Yes,No,No,Yes,Yes,0,No,Unfurnished
Mohali,3500,2,3,2424745,2,Yes,No,No,Yes,No,2,Yes,Unfurnished
Mohali,3500,3,1,1412670,1,Yes,Yes,Yes,Yes,No,2,Yes,Unfurnished
Mohali,3500,3,2,3270625,2,Yes,No,No,Yes,Yes,3,Yes,Furnished
Mohali,3500,3,3,3548025,3,No,Yes,No,No,No,2,Yes,Furnished
Mohali,3500,4,1,4787363,3,No,No,Yes,No,No,1,No,Semi-Furnished
Mohali,3500,4,2,3275676,3,Yes,Yes,No,Yes,Yes,1,Yes,Furnished
Mohali,3500,4,3,2903290,3,Yes,No,Yes,Yes,Yes,1,Yes,Semi-Furnished
Mohali,3500,5,1,9413101,1,Yes,Yes,No,No,Yes,1,No,Semi-Furnished
Mohali,3500,5,2,1379597,2,No,No,Yes,No,Yes,0,No,Semi-Furnished
Mohali,3500,5,3,4286682,2,Yes,Yes,Yes,Yes,No,1,Yes,Furnished
Mohali,4000,1,1,5379730,2,No,No,No,No,No,3,No,Unfurnished
Mohali,4000,1,2,4732185,1,No,No,No,Yes,Yes,1,No,Unfurnished
Mohali,4000,1,3,5534828,1,Yes,Yes,No,Yes,Yes,1,Yes,Furnished
Mohali,4000,2,1,9689724,2,No,Yes,No,Yes,No,3,Yes,Unfurnished
Mohali,4000,2,2,7676088,1,No,No,Yes,Yes,No,3,Yes,Furnished
Mohali,4000,2,3,6628499,1,No,No,Yes,No,Yes,1,No,Semi-Furnished
Mohali,4000,3,1,6937151,2,No,No,Yes,No,No,3,No,Furnished
Mohali,4000,3,2,2569581,2,Yes,No,No,No,No,0,No,Semi-Furnished
Mohali,4000,3,3,6434223,2,No,Yes,Yes,Yes,Yes,1,Yes,Furnished
Mohali,4000,4,1,3775979,2,No,No,No,Yes,No,0,No,Unfurnished
Mohali,4000,4,2,5359787,3,No,No,Yes,Yes,Yes,0,No,Semi-Furnished
Mohali,4000,4,3,6513264,2,No,No,Yes,No,No,0,No,Semi-Furnished
Mohali,4000,5,1,5779619,1,No,No,Yes,Yes,No,1,No,Unfurnished
Mohali,4000,5,2,8916730,1,Yes,No,No,No,No,0,No,Semi-Furnished
Mohali,4000,5,3,8840098,2,Yes,Yes,No,No,No,3,No,Semi-Furnished
Mohali,4500,1,1,4686292,1,No,Yes,No,No,No,0,Yes,Semi-Furnished
Mohali,4500,1,2,7842311,3,No,No,No,No,No,0,Yes,Semi-Furnished
Mohali,4500,1,3,9632650,3,No,Yes,No,No,Yes,3,No,Furnished
Mohali,4500,2,1,3352328,2,Yes,Yes,Yes,No,No,0,No,Unfurnished
Mohali,4500,2,2,9260982,3,No,No,Yes,No,No,2,No,Furnished
Mohali,4500,2,3,8531195,2,No,Yes,No,Yes,Yes,2,No,Semi-Furnished
Mohali,4500,3,1,5829313,3,Yes,No,Yes,No,No,0,Yes,Semi-Furnished
Mohali,4500,3,2,6767138,2,No,Yes,Yes,Yes,No,0,No,Semi-Furnished
Mohali,4500,3,3,2911621,3,Yes,Yes,No,Yes,Yes,1,Yes,Semi-Furnished
Mohali,4500,4,1,5192629,3,No,No,Yes,Yes,Yes,1,No,Unfurnished
Mohali,4500,4,2,8673185,2,No,No,Yes,Yes,Yes,2,Yes,Furnished
Mohali,4500,4,3,3594824,2,No,No,Yes,Yes,No,3,Yes,Semi-Furnished
Mohali,4500,5,1,4602308,3,No,Yes,Yes,Yes,Yes,3,No,Unfurnished
Mohali,4500,5,2,6111937,2,Yes,No,Yes,No,Yes,3,No,Unfurnished
Mohali,4500,5,3,5351419,2,Yes,Yes,Yes,No,Yes,1,No,Unfurnished
Mohali,5000,1,1,5447108,1,Yes,No,No,Yes,No,2,No,Unfurnished
Mohali,5000,1,2,1893289,2,Yes,Yes,Yes,Yes,No,0,Yes,Semi-Furnished
Mohali,5000,1,3,8344085,2,Yes,Yes,Yes,Yes,Yes,1,Yes,Unfurnished
Mohali,5000,2,1,3785943,2,No,Yes,No,No,Yes,1,Yes,Unfurnished
Mohali,5000,2,2,9281191,1,Yes,No,No,Yes,Yes,3,No,Unfurnished
Mohali,5000,2,3,2185026,2,Yes,No,No,Yes,No,3,No,Furnished
Mohali,5000,3,1,7460473,3,Yes,Yes,Yes,No,No,2,No,Semi-Furnished
Mohali,5000,3,2,6124096,1,Yes,No,Yes,No,Yes,1,No,Semi-Furnished
Mohali,5000,3,3,2747303,2,No,No,Yes,Yes,Yes,2,Yes,Furnished
Mohali,5000,4,1,7274763,1,No,Yes,Yes,No,Yes,0,Yes,Semi-Furnished
Mohali,5000,4,2,4322383,2,No,No,No,No,Yes,1,Yes,Furnished
Mohali,5000,4,3,4994326,3,No,No,No,No,No,1,Yes,Semi-Furnished
Mohali,5000,5,1,4639571,1,Yes,No,No,No,No,1,No,Semi-Furnished
Mohali,5000,5,2,9225345,2,Yes,Yes,No,Yes,No,2,No,Semi-Furnished
Mohali,5000,5,3,7917628,3,No,Yes,Yes,No,No,3,Yes,Semi-Furnished
Firozpur,500,1,1,5050823,1,Yes,Yes,Yes,No,No,3,Yes,Unfurnished
Firozpur,500,1,2,6850677,3,Yes,No,No,No,No,3,No,Furnished
Firozpur,500,1,3,4533726,1,No,Yes,Yes,No,Yes,0,No,Furnished
Firozpur,500,2,1,5376366,2,No,Yes,Yes,Yes,No,0,No,Furnished
Firozpur,500,2,2,6273253,3,No,Yes,No,Yes,No,0,No,Semi-Furnished
Firozpur,500,2,3,9954450,2,No,No,Yes,Yes,No,1,No,Semi-Furnished
Firozpur,500,3,1,5983201,2,No,Yes,Yes,No,Yes,0,Yes,Furnished
Firozpur,500,3,2,9184361,2,No,Yes,No,No,No,0,No,Semi-Furnished
Firozpur,500,3,3,3653002,1,No,No,Yes,Yes,Yes,1,No,Furnished
Firozpur,500,4,1,6898226,3,Yes,No,Yes,Yes,Yes,1,No,Furnished
Firozpur,500,4,2,5452543,1,Yes,No,No,No,Yes,2,No,Furnished
Firozpur,500,4,3,6066040,3,Yes,Yes,Yes,Yes,No,3,Yes,Furnished
Firozpur,500,5,1,4135103,3,Yes,No,Yes,No,No,1,Yes,Unfurnished
Firozpur,500,5,2,6266724,1,Yes,No,Yes,No,No,3,No,Furnished
Firozpur,500,5,3,1706127,1,Yes,No,No,No,No,0,No,Semi-Furnished
Firozpur,1000,1,1,6143717,1,No,Yes,No,No,Yes,1,No,Furnished
Firozpur,1000,1,2,5843588,2,No,No,No,No,Yes,3,No,Furnished
Firozpur,1000,1,3,3747505,1,Yes,No,No,Yes,Yes,1,Yes,Semi-Furnished
Firozpur,1000,2,1,8535070,1,Yes,No,Yes,No,No,2,Yes,Unfurnished
Firozpur,1000,2,2,2724674,2,No,Yes,Yes,No,Yes,3,Yes,Furnished
Firozpur,1000,2,3,2363975,3,No,Yes,No,Yes,No,2,Yes,Unfurnished
Firozpur,1000,3,1,2034333,1,No,Yes,Yes,No,No,3,Yes,Furnished
Firozpur,1000,3,2,4793331,3,Yes,No,No,Yes,No,2,Yes,Unfurnished
Firozpur,1000,3,3,6180197,2,Yes,Yes,No,Yes,Yes,0,Yes,Semi-Furnished
Firozpur,1000,4,1,7220613,3,Yes,No,No,No,Yes,0,Yes,Furnished
Firozpur,1000,4,2,4439011,1,Yes,Yes,No,Yes,No,3,No,Unfurnished
Firozpur,1000,4,3,9885258,1,Yes,No,No,No,Yes,1,Yes,Furnished
Firozpur,1000,5,1,2698673,3,No,No,Yes,No,No,3,No,Furnished
Firozpur,1000,5,2,4860426,3,Yes,No,Yes,Yes,Yes,2,Yes,Furnished
Firozpur,1000,5,3,2789079,3,Yes,Yes,Yes,Yes,No,2,No,Unfurnished
Firozpur,1500,1,1,6462825,1,Yes,No,Yes,Yes,No,1,Yes,Unfurnished
Firozpur,1500,1,2,1732333,2,No,No,Yes,No,No,2,Yes,Furnished
Firozpur,1500,1,3,7646674,3,Yes,Yes,Yes,Yes,Yes,0,No,Semi-Furnished
Firozpur,1500,2,1,7512519,2,No,No,No,No,Yes,3,Yes,Furnished
Firozpur,1500,2,2,7967194,1,No,Yes,Yes,Yes,Yes,2,Yes,Furnished
Firozpur,1500,2,3,4828394,2,Yes,Yes,Yes,Yes,Yes,0,No,Unfurnished
Firozpur,1500,3,1,6667784,2,No,No,Yes,Yes,Yes,1,No,Semi-Furnished
Firozpur,1500,3,2,2096502,2,No,No,No,No,No,1,No,Semi-Furnished
Firozpur,1500,3,3,2215905,2,No,Yes,Yes,Yes,Yes,1,Yes,Unfurnished
Firozpur,1500,4,1,3322690,1,No,Yes,Yes,Yes,No,3,Yes,Furnished
Firozpur,1500,4,2,7555572,3,Yes,No,Yes,No,No,2,No,Furnished
Firozpur,1500,4,3,8848676,3,Yes,No,Yes,No,No,2,No,Semi-Furnished
Firozpur,1500,5,1,1050700,2,No,Yes,Yes,No,Yes,1,Yes,Unfurnished
Firozpur,1500,5,2,7742864,2,Yes,No,No,No,Yes,3,Yes,Unfurnished
Firozpur,1500,5,3,6142361,2,No,Yes,Yes,Yes,Yes,2,No,Furnished
Firozpur,2000,1,1,1855823,1,Yes,No,No,Yes,Yes,2,Yes,Semi-Furnished
Firozpur,2000,1,2,4600249,2,No,Yes,Yes,No,Yes,1,No,Furnished
Firozpur,2000,1,3,6630559,1,Yes,No,No,No,Yes,1,Yes,Unfurnished
Firozpur,2000,2,1,7018974,2,Yes,No,No,No,Yes,2,Yes,Semi-Furnished
Firozpur,2000,2,2,2612598,1,Yes,No,No,No,Yes,1,No,Furnished
Firozpur,2000,2,3,3018756,3,Yes,No,No,Yes,Yes,2,No,Unfurnished
Firozpur,2000,3,1,6619525,1,No,No,No,No,No,0,Yes,Furnished
Firozpur,2000,3,2,7468621,1,No,Yes,No,No,Yes,1,No,Furnished
Firozpur,2000,3,3,7464247,3,Yes,Yes,No,No,Yes,3,Yes,Unfurnished
Firozpur,2000,4,1,4814271,1,No,No,No,No,No,3,No,Furnished
Firozpur,2000,4,2,8486997,3,No,Yes,Yes,No,Yes,2,Yes,Unfurnished
Firozpur,2000,4,3,3851710,3,No,Yes,No,Yes,Yes,2,No,Semi-Furnished
Firozpur,2000,5,1,3758533,2,Yes,No,No,Yes,Yes,1,Yes,Furnished
Firozpur,2000,5,2,8713735,1,No,No,Yes,No,No,0,Yes,Semi-Furnished
Firozpur,2000,5,3,3573034,1,Yes,Yes,Yes,Yes,Yes,2,Yes,Semi-Furnished
Firozpur,2500,1,1,1209783,1,Yes,No,Yes,Yes,Yes,1,No,Unfurnished
Firozpur,2500,1,2,2840100,3,Yes,No,No,No,No,1,No,Unfurnished
Firozpur,2500,1,3,3442786,1,No,Yes,Yes,Yes,Yes,2,No,Unfurnished
Firozpur,2500,2,1,6367344,3,Yes,Yes,Yes,Yes,Yes,0,Yes,Semi-Furnished
Firozpur,2500,2,2,7981769,3,No,No,Yes,Yes,Yes,3,Yes,Unfurnished
Firozpur,2500,2,3,4673558,1,Yes,Yes,Yes,No,No,1,No,Semi-Furnished
Firozpur,2500,3,1,1807972,2,Yes,No,Yes,No,No,1,No,Furnished
Firozpur,2500,3,2,3390583,3,Yes,No,No,No,Yes,2,Yes,Unfurnished
Firozpur,2500,3,3,2851135,2,No,No,Yes,Yes,Yes,3,Yes,Semi-Furnished
Firozpur,2500,4,1,6683900,1,No,No,Yes,Yes,Yes,3,No,Furnished
Firozpur,2500,4,2,9800388,3,No,No,No,No,Yes,0,Yes,Unfurnished
Firozpur,2500,4,3,5834928,2,No,Yes,Yes,Yes,Yes,0,No,Semi-Furnished
Firozpur,2500,5,1,6824015,2,No,No,No,No,No,0,Yes,Semi-Furnished
Firozpur,2500,5,2,4020252,1,Yes,Yes,No,No,No,2,No,Semi-Furnished
Firozpur,2500,5,3,9081412,2,Yes,Yes,Yes,Yes,Yes,0,Yes,Furnished
Firozpur,3000,1,1,1031254,1,Yes,Yes,No,No,No,0,Yes,Furnished
Firozpur,3000,1,2,2211812,1,No,No,No,Yes,No,3,Yes,Furnished
Firozpur,3000,1,3,2970469,1,Yes,Yes,No,No,No,2,No,Semi-Furnished
Firozpur,3000,2,1,8505640,3,Yes,No,Yes,Yes,Yes,1,Yes,Furnished
Firozpur,3000,2,2,9644912,3,No,Yes,Yes,Yes,No,1,Yes,Furnished
Firozpur,3000,2,3,2621719,3,No,Yes,Yes,Yes,Yes,0,No,Furnished
Firozpur,3000,3,1,8865875,3,No,No,No,No,No,2,Yes,Semi-Furnished
Firozpur,3000,3,2,6042465,1,No,No,Yes,Yes,No,2,Yes,Semi-Furnished
Firozpur,3000,3,3,3455310,2,Yes,No,No,Yes,No,0,Yes,Furnished
Firozpur,3000,4,1,5314355,2,Yes,No,Yes,Yes,No,2,Yes,Furnished
Firozpur,3000,4,2,2025806,3,No,No,Yes,Yes,No,0,Yes,Furnished
Firozpur,3000,4,3,4090356,1,No,Yes,No,No,No,1,Yes,Semi-Furnished
Firozpur,3000,5,1,6946933,2,No,No,Yes,No,No,1,Yes,Furnished
Firozpur,3000,5,2,9815973,1,Yes,No,No,No,Yes,0,No,Furnished
Firozpur,3000,5,3,3139119,1,Yes,Yes,No,No,Yes,2,Yes,Unfurnished
Firozpur,3500,1,1,8254659,2,Yes,No,Yes,Yes,No,3,Yes,Furnished
Firozpur,3500,1,2,6896704,3,No,No,Yes,No,Yes,0,Yes,Furnished
Firozpur,3500,1,3,2782331,2,No,No,Yes,Yes,No,2,No,Unfurnished
Firozpur,3500,2,1,9643610,3,No,No,Yes,Yes,Yes,3,No,Semi-Furnished
Firozpur,3500,2,2,5459296,1,Yes,Yes,No,Yes,No,0,Yes,Furnished
Firozpur,3500,2,3,5291931,1,Yes,Yes,No,Yes,Yes,1,No,Unfurnished
Firozpur,3500,3,1,2541983,2,No,No,No,Yes,Yes,3,No,Semi-Furnished
Firozpur,3500,3,2,8471280,3,Yes,Yes,No,No,No,1,No,Unfurnished
Firozpur,3500,3,3,9603425,1,No,No,No,No,Yes,2,No,Furnished
Firozpur,3500,4,1,6082668,1,Yes,Yes,No,No,No,1,Yes,Furnished
Firozpur,3500,4,2,8593632,3,No,No,No,Yes,Yes,2,No,Semi-Furnished
Firozpur,3500,4,3,5236578,3,No,Yes,Yes,No,No,3,Yes,Furnished
Firozpur,3500,5,1,6274499,1,Yes,Yes,Yes,No,No,0,Yes,Unfurnished
Firozpur,3500,5,2,4039564,1,No,No,No,Yes,No,3,Yes,Unfurnished
Firozpur,3500,5,3,9717261,3,Yes,Yes,Yes,Yes,Yes,0,Yes,Unfurnished
Firozpur,4000,1,1,3392870,2,Yes,No,Yes,Yes,No,1,Yes,Unfurnished
Firozpur,4000,1,2,4374143,2,Yes,No,Yes,Yes,No,1,Yes,Unfurnished
Firozpur,4000,1,3,1056692,3,Yes,No,No,Yes,Yes,2,No,Unfurnished
Firozpur,4000,2,1,4147987,2,Yes,Yes,Yes,No,No,3,No,Furnished
Firozpur,4000,2,2,5260727,2,No,Yes,Yes,Yes,Yes,3,No,Semi-Furnished
Firozpur,4000,2,3,1136719,1,Yes,Yes,No,No,Yes,3,No,Unfurnished
Firozpur,4000,3,1,3440659,2,No,Yes,Yes,Yes,Yes,0,No,Unfurnished
Firozpur,4000,3,2,2623589,2,Yes,Yes,Yes,No,No,1,Yes,Furnished
Firozpur,4000,3,3,8197306,2,Yes,No,Yes,Yes,Yes,1,No,Furnished
Firozpur,4000,4,1,3034976,2,No,Yes,No,Yes,No,0,No,Semi-Furnished
Firozpur,4000,4,2,7258004,3,Yes,Yes,Yes,No,Yes,2,No,Furnished
Firozpur,4000,4,3,9896037,1,No,No,No,No,Yes,1,No,Unfurnished
Firozpur,4000,5,1,4038016,1,Yes,No,Yes,No,No,0,Yes,Unfurnished
Firozpur,4000,5,2,3185201,1,No,Yes,No,No,Yes,2,Yes,Semi-Furnished
Firozpur,4000,5,3,5628368,1,No,Yes,Yes,No,No,0,No,Furnished
Firozpur,4500,1,1,4518249,2,Yes,No,No,Yes,Yes,2,No,Unfurnished
Firozpur,4500,1,2,6652541,1,Yes,Yes,Yes,No,Yes,1,Yes,Unfurnished
Firozpur,4500,1,3,6432158,3,No,Yes,No,No,No,3,Yes,Furnished
Firozpur,4500,2,1,7904093,3,Yes,Yes,No,No,Yes,3,Yes,Furnished
Firozpur,4500,2,2,1068025,2,No,No,No,No,Yes,1,Yes,Furnished
Firozpur,4500,2,3,7255891,2,No,Yes,No,No,Yes,2,Yes,Unfurnished
Firozpur,4500,3,1,1731328,1,Yes,No,No,No,Yes,2,Yes,Semi-Furnished
Firozpur,4500,3,2,9044140,1,No,Yes,Yes,No,No,2,No,Furnished
Firozpur,4500,3,3,1048652,1,Yes,No,Yes,No,Yes,2,No,Semi-Furnished
Firozpur,4500,4,1,1894552,2,No,No,Yes,No,No,2,Yes,Unfurnished
Firozpur,4500,4,2,8582002,3,Yes,No,No,Yes,Yes,2,Yes,Furnished
Firozpur,4500,4,3,8884866,3,Yes,Yes,Yes,No,No,0,Yes,Furnished
Firozpur,4500,5,1,7198890,2,No,Yes,Yes,No,Yes,1,Yes,Furnished
Firozpur,4500,5,2,6125805,2,No,No,No,Yes,No,2,Yes,Unfurnished
Firozpur,4500,5,3,7995409,3,No,Yes,Yes,Yes,No,1,Yes,Furnished
Firozpur,5000,1,1,5703768,3,Yes,No,Yes,No,Yes,1,No,Furnished
Firozpur,5000,1,2,5148839,3,No,Yes,No,Yes,No,0,No,Furnished
Firozpur,5000,1,3,6217307,2,Yes,No,No,No,No,3,Yes,Unfurnished
Firozpur,5000,2,1,3918441,3,No,Yes,Yes,No,No,2,Yes,Semi-Furnished
Firozpur,5000,2,2,2773494,3,Yes,No,Yes,Yes,Yes,2,Yes,Semi-Furnished
Firozpur,5000,2,3,7209231,2,No,Yes,Yes,No,Yes,0,Yes,Semi-Furnished
Firozpur,5000,3,1,5521994,3,Yes,Yes,No,No,Yes,3,No,Unfurnished
Firozpur,5000,3,2,1423214,2,Yes,No,Yes,Yes,No,2,No,Unfurnished
Firozpur,5000,3,3,8979100,2,No,Yes,Yes,No,Yes,2,No,Furnished
Firozpur,5000,4,1,2002686,2,Yes,Yes,No,No,No,2,No,Unfurnished
Firozpur,5000,4,2,7668075,1,Yes,Yes,No,Yes,No,0,Yes,Furnished
Firozpur,5000,4,3,8234406,2,Yes,No,No,Yes,No,2,No,Unfurnished
Firozpur,5000,5,1,7353270,1,No,No,Yes,No,No,2,Yes,Furnished
Firozpur,5000,5,2,9176123,2,Yes,No,No,Yes,Yes,0,No,Unfurnished
Firozpur,5000,5,3,7820035,2,No,No,No,Yes,Yes,2,Yes,Furnished
Gurdaspur,500,1,1,8960016,3,No,Yes,Yes,No,No,1,Yes,Unfurnished
Gurdaspur,500,1,2,9238374,3,Yes,No,No,Yes,No,0,No,Semi-Furnished
Gurdaspur,500,1,3,9086104,1,No,No,No,No,No,2,No,Semi-Furnished
Gurdaspur,500,2,1,9245194,2,No,No,No,No,Yes,1,No,Unfurnished
Gurdaspur,500,2,2,8635447,2,No,Yes,Yes,Yes,Yes,1,No,Semi-Furnished
Gurdaspur,500,2,3,6114918,2,Yes,Yes,No,No,Yes,3,Yes,Semi-Furnished
Gurdaspur,500,3,1,7106738,2,No,No,Yes,Yes,Yes,1,No,Furnished
Gurdaspur,500,3,2,3285318,3,Yes,No,Yes,Yes,No,1,Yes,Furnished
Gurdaspur,500,3,3,6063236,2,Yes,Yes,No,No,Yes,3,Yes,Semi-Furnished
Gurdaspur,500,4,1,8385513,2,Yes,No,No,No,No,3,No,Unfurnished
Gurdaspur,500,4,2,4549808,1,No,Yes,No,Yes,Yes,1,Yes,Furnished
Gurdaspur,500,4,3,3024514,3,No,No,No,No,No,2,Yes,Furnished
Gurdaspur,500,5,1,7822896,1,Yes,No,Yes,No,No,2,No,Semi-Furnished
Gurdaspur,500,5,2,1756505,2,No,Yes,Yes,No,Yes,3,No,Semi-Furnished
Gurdaspur,500,5,3,8393900,1,No,Yes,Yes,No,Yes,2,No,Semi-Furnished
Gurdaspur,1000,1,1,6514742,3,No,No,Yes,No,No,1,Yes,Unfurnished
Gurdaspur,1000,1,2,3666951,3,Yes,Yes,No,Yes,No,2,Yes,Unfurnished
Gurdaspur,1000,1,3,2406400,2,Yes,No,No,Yes,No,3,Yes,Semi-Furnished
Gurdaspur,1000,2,1,9319704,3,No,Yes,No,No,No,3,No,Furnished
Gurdaspur,1000,2,2,4558284,2,No,Yes,Yes,Yes,Yes,2,Yes,Semi-Furnished
Gurdaspur,1000,2,3,1013386,1,Yes,No,No,No,Yes,2,No,Unfurnished
Gurdaspur,1000,3,1,1285355,1,No,Yes,Yes,No,No,3,Yes,Unfurnished
Gurdaspur,1000,3,2,2681491,3,No,Yes,Yes,Yes,Yes,0,Yes,Furnished
Gurdaspur,1000,3,3,3170257,2,Yes,No,Yes,No,Yes,0,Yes,Unfurnished
Gurdaspur,1000,4,1,8760803,3,Yes,No,Yes,No,Yes,0,No,Furnished
Gurdaspur,1000,4,2,4743996,3,No,Yes,No,Yes,No,3,Yes,Semi-Furnished
Gurdaspur,1000,4,3,9904803,1,Yes,No,No,Yes,No,2,No,Furnished
Gurdaspur,1000,5,1,9178951,3,Yes,Yes,Yes,No,Yes,0,Yes,Furnished
Gurdaspur,1000,5,2,4423338,2,No,No,Yes,No,No,3,Yes,Unfurnished
Gurdaspur,1000,5,3,5602523,3,No,No,Yes,No,Yes,0,Yes,Semi-Furnished
Gurdaspur,1500,1,1,6304604,1,No,No,No,Yes,Yes,2,Yes,Furnished
Gurdaspur,1500,1,2,9295498,3,Yes,Yes,Yes,Yes,Yes,2,No,Unfurnished
Gurdaspur,1500,1,3,8566473,1,Yes,No,No,Yes,Yes,2,Yes,Unfurnished
Gurdaspur,1500,2,1,9882304,1,No,Yes,No,Yes,Yes,1,No,Semi-Furnished
Gurdaspur,1500,2,2,9269475,2,Yes,Yes,No,No,Yes,0,No,Unfurnished
Gurdaspur,1500,2,3,2683744,3,No,No,No,Yes,Yes,3,Yes,Semi-Furnished
Gurdaspur,1500,3,1,3802320,3,No,No,Yes,Yes,No,3,Yes,Furnished
Gurdaspur,1500,3,2,9197332,2,No,Yes,No,Yes,No,3,No,Unfurnished
Gurdaspur,1500,3,3,7771756,1,No,No,Yes,Yes,No,0,No,Semi-Furnished
Gurdaspur,1500,4,1,5943292,2,No,No,No,No,Yes,3,No,Semi-Furnished
Gurdaspur,1500,4,2,8494412,2,No,No,No,No,No,3,Yes,Furnished
Gurdaspur,1500,4,3,4059791,3,Yes,No,Yes,Yes,No,3,No,Furnished
Gurdaspur,1500,5,1,4439312,1,Yes,Yes,Yes,No,Yes,3,Yes,Semi-Furnished
Gurdaspur,1500,5,2,2940988,3,Yes,No,Yes,Yes,Yes,3,No,Semi-Furnished
Gurdaspur,1500,5,3,8938299,1,Yes,Yes,No,No,No,2,No,Unfurnished
Gurdaspur,2000,1,1,8330157,2,No,Yes,Yes,No,No,1,Yes,Semi-Furnished
Gurdaspur,2000,1,2,3257353,1,Yes,No,Yes,Yes,No,2,No,Unfurnished
Gurdaspur,2000,1,3,1134647,3,Yes,No,No,Yes,Yes,1,Yes,Semi-Furnished
Gurdaspur,2000,2,1,9865042,1,No,Yes,No,No,Yes,0,Yes,Furnished
Gurdaspur,2000,2,2,9958587,2,Yes,Yes,Yes,Yes,Yes,1,Yes,Furnished
Gurdaspur,2000,2,3,3812275,1,Yes,No,Yes,No,No,3,Yes,Furnished
Gurdaspur,2000,3,1,8402316,3,Yes,No,Yes,Yes,Yes,2,Yes,Unfurnished
Gurdaspur,2000,3,2,8888884,1,No,Yes,Yes,No,No,0,Yes,Unfurnished
Gurdaspur,2000,3,3,4053111,2,Yes,Yes,No,Yes,No,1,Yes,Semi-Furnished
Gurdaspur,2000,4,1,3846098,1,No,Yes,No,No,No,3,No,Furnished
Gurdaspur,2000,4,2,2785989,3,No,No,No,No,Yes,3,No,Semi-Furnished
Gurdaspur,2000,4,3,6248391,1,No,No,Yes,No,Yes,0,No,Semi-Furnished
Gurdaspur,2000,5,1,2424980,3,No,No,No,No,Yes,3,Yes,Furnished
Gurdaspur,2000,5,2,2302851,3,No,Yes,No,No,No,1,Yes,Semi-Furnished
Gurdaspur,2000,5,3,2584058,2,No,Yes,Yes,Yes,Yes,2,Yes,Furnished
Gurdaspur,2500,1,1,6993203,1,No,No,Yes,No,Yes,1,Yes,Semi-Furnished
Gurdaspur,2500,1,2,4208075,2,Yes,Yes,Yes,No,No,1,Yes,Semi-Furnished
Gurdaspur,2500,1,3,4415913,1,Yes,Yes,No,No,No,2,Yes,Semi-Furnished
Gurdaspur,2500,2,1,2648625,1,Yes,Yes,No,No,No,1,Yes,Unfurnished
Gurdaspur,2500,2,2,2126604,3,Yes,Yes,Yes,Yes,No,1,Yes,Unfurnished
Gurdaspur,2500,2,3,2349345,1,No,No,Yes,Yes,No,2,Yes,Semi-Furnished
Gurdaspur,2500,3,1,9189821,2,No,No,Yes,Yes,Yes,2,Yes,Furnished
Gurdaspur,2500,3,2,6164220,2,No,No,No,Yes,No,0,No,Unfurnished
Gurdaspur,2500,3,3,5757737,2,Yes,Yes,No,Yes,Yes,0,Yes,Semi-Furnished
Gurdaspur,2500,4,1,7033090,1,No,No,No,Yes,Yes,2,Yes,Semi-Furnished
Gurdaspur,2500,4,2,6661494,3,Yes,Yes,No,No,No,3,Yes,Semi-Furnished
Gurdaspur,2500,4,3,2782074,2,Yes,No,No,No,No,0,Yes,Furnished
Gurdaspur,2500,5,1,1841472,3,Yes,Yes,No,No,No,3,No,Unfurnished
Gurdaspur,2500,5,2,7842822,1,Yes,No,Yes,Yes,Yes,3,No,Semi-Furnished
Gurdaspur,2500,5,3,6431473,2,Yes,No,Yes,Yes,Yes,1,No,Furnished
Gurdaspur,3000,1,1,6996251,2,No,No,No,No,Yes,3,Yes,Furnished
Gurdaspur,3000,1,2,8808303,3,No,No,Yes,No,Yes,0,Yes,Furnished
Gurdaspur,3000,1,3,1626990,3,Yes,No,No,Yes,No,1,Yes,Semi-Furnished
Gurdaspur,3000,2,1,2299262,1,No,No,No,Yes,Yes,0,Yes,Semi-Furnished
Gurdaspur,3000,2,2,4667251,3,No,No,Yes,No,No,0,No,Unfurnished
Gurdaspur,3000,2,3,2823023,2,Yes,No,Yes,No,No,3,Yes,Semi-Furnished
Gurdaspur,3000,3,1,2732739,3,No,Yes,Yes,Yes,No,2,No,Semi-Furnished
Gurdaspur,3000,3,2,6961258,1,Yes,No,Yes,Yes,No,2,No,Unfurnished
Gurdaspur,3000,3,3,1736043,2,No,No,Yes,Yes,No,1,Yes,Furnished
Gurdaspur,3000,4,1,1239495,2,Yes,No,Yes,No,Yes,3,No,Furnished
Gurdaspur,3000,4,2,2662039,1,No,No,No,No,No,1,No,Semi-Furnished
Gurdaspur,3000,4,3,4184636,1,No,No,No,Yes,No,1,Yes,Furnished
Gurdaspur,3000,5,1,5703765,2,Yes,Yes,Yes,No,Yes,3,Yes,Furnished
Gurdaspur,3000,5,2,5966405,1,Yes,Yes,Yes,Yes,Yes,0,No,Furnished
Gurdaspur,3000,5,3,7554246,2,Yes,No,No,No,Yes,1,No,Semi-Furnished
Gurdaspur,3500,1,1,4552676,3,No,No,Yes,No,No,0,Yes,Unfurnished
Gurdaspur,3500,1,2,8679403,1,No,Yes,No,Yes,No,0,No,Semi-Furnished
Gurdaspur,3500,1,3,4249213,2,Yes,No,No,Yes,No,0,Yes,Semi-Furnished
Gurdaspur,3500,2,1,5413586,3,Yes,No,Yes,Yes,Yes,2,Yes,Semi-Furnished
Gurdaspur,3500,2,2,9747017,2,No,No,No,No,No,3,Yes,Semi-Furnished
Gurdaspur,3500,2,3,7017312,3,No,Yes,No,Yes,No,3,Yes,Furnished
Gurdaspur,3500,3,1,2290962,3,No,No,No,Yes,Yes,1,Yes,Unfurnished
Gurdaspur,3500,3,2,5261226,1,No,No,No,Yes,Yes,2,No,Furnished
Gurdaspur,3500,3,3,2011481,1,Yes,No,No,No,Yes,0,No,Furnished
Gurdaspur,3500,4,1,1661022,1,Yes,Yes,No,Yes,No,2,Yes,Unfurnished
Gurdaspur,3500,4,2,5483129,3,Yes,Yes,No,Yes,No,0,Yes,Semi-Furnished
Gurdaspur,3500,4,3,4821468,1,No,Yes,No,No,Yes,1,Yes,Semi-Furnished
Gurdaspur,3500,5,1,2161695,1,Yes,No,Yes,No,Yes,2,No,Furnished
Gurdaspur,3500,5,2,4684871,1,Yes,Yes,Yes,No,No,2,No,Semi-Furnished
Gurdaspur,3500,5,3,9354247,3,Yes,Yes,No,No,Yes,3,No,Semi-Furnished
Gurdaspur,4000,1,1,8624490,1,No,No,Yes,Yes,No,2,Yes,Unfurnished
Gurdaspur,4000,1,2,9902541,1,No,Yes,Yes,No,Yes,0,No,Furnished
Gurdaspur,4000,1,3,3461612,3,No,No,No,No,Yes,3,No,Semi-Furnished
Gurdaspur,4000,2,1,4526926,2,Yes,No,Yes,Yes,No,0,No,Semi-Furnished
Gurdaspur,4000,2,2,8035613,1,No,No,Yes,Yes,Yes,3,No,Semi-Furnished
Gurdaspur,4000,2,3,6501582,3,Yes,Yes,Yes,No,Yes,1,No,Unfurnished
Gurdaspur,4000,3,1,9006207,3,No,Yes,Yes,Yes,Yes,1,Yes,Furnished
Gurdaspur,4000,3,2,9594791,3,Yes,Yes,Yes,No,No,3,No,Unfurnished
Gurdaspur,4000,3,3,8532225,2,Yes,No,No,No,No,2,No,Furnished
Gurdaspur,4000,4,1,1100679,3,Yes,Yes,Yes,No,Yes,3,No,Semi-Furnished
Gurdaspur,4000,4,2,9375941,2,No,Yes,Yes,No,Yes,3,Yes,Semi-Furnished
Gurdaspur,4000,4,3,9276448,1,No,No,No,No,No,2,Yes,Unfurnished
Gurdaspur,4000,5,1,2072418,2,Yes,No,No,Yes,Yes,3,Yes,Semi-Furnished
Gurdaspur,4000,5,2,1409175,3,Yes,No,No,Yes,Yes,2,No,Furnished
Gurdaspur,4000,5,3,3158111,1,No,Yes,No,Yes,No,1,Yes,Semi-Furnished
Gurdaspur,4500,1,1,1346442,2,Yes,Yes,Yes,Yes,Yes,3,No,Unfurnished
Gurdaspur,4500,1,2,2837297,3,Yes,No,No,Yes,Yes,1,No,Semi-Furnished
Gurdaspur,4500,1,3,1040583,2,No,Yes,No,No,Yes,0,Yes,Furnished
Gurdaspur,4500,2,1,5228096,2,Yes,Yes,No,No,No,0,Yes,Furnished
Gurdaspur,4500,2,2,1147539,3,No,Yes,No,Yes,Yes,3,Yes,Semi-Furnished
Gurdaspur,4500,2,3,1764950,2,No,No,No,No,Yes,2,No,Furnished
Gurdaspur,4500,3,1,8958026,3,Yes,No,No,Yes,No,0,Yes,Semi-Furnished
Gurdaspur,4500,3,2,4724174,3,Yes,Yes,Yes,Yes,Yes,0,Yes,Furnished
Gurdaspur,4500,3,3,8868252,3,No,No,Yes,No,Yes,1,Yes,Furnished
Gurdaspur,4500,4,1,9748173,3,No,Yes,No,Yes,Yes,3,Yes,Furnished
Gurdaspur,4500,4,2,5179518,1,No,Yes,No,Yes,No,0,No,Furnished
Gurdaspur,4500,4,3,2241665,3,No,No,No,Yes,No,0,Yes,Semi-Furnished
Gurdaspur,4500,5,1,6281508,2,Yes,No,No,Yes,No,3,Yes,Furnished
Gurdaspur,4500,5,2,6318963,3,Yes,Yes,Yes,No,No,2,Yes,Furnished
Gurdaspur,4500,5,3,1678676,1,No,Yes,No,No,Yes,2,No,Semi-Furnished
Gurdaspur,5000,1,1,4734036,1,No,Yes,No,Yes,Yes,2,Yes,Semi-Furnished
Gurdaspur,5000,1,2,4617418,1,Yes,Yes,Yes,Yes,Yes,1,No,Unfurnished
Gurdaspur,5000,1,3,1225274,1,Yes,Yes,Yes,Yes,No,3,Yes,Unfurnished
Gurdaspur,5000,2,1,2066625,2,Yes,No,No,No,Yes,2,No,Furnished
Gurdaspur,5000,2,2,6392691,2,Yes,Yes,Yes,Yes,No,1,Yes,Semi-Furnished
Gurdaspur,5000,2,3,5725485,3,No,No,Yes,Yes,No,2,Yes,Furnished
Gurdaspur,5000,3,1,4248176,2,No,Yes,Yes,Yes,Yes,3,Yes,Unfurnished
Gurdaspur,5000,3,2,3369848,1,No,Yes,Yes,Yes,Yes,3,Yes,Semi-Furnished
Gurdaspur,5000,3,3,2368252,1,Yes,No,Yes,Yes,No,2,Yes,Furnished
Gurdaspur,5000,4,1,6194268,2,Yes,No,No,No,Yes,0,Yes,Semi-Furnished
Gurdaspur,5000,4,2,5181460,3,No,No,Yes,Yes,No,1,No,Unfurnished
Gurdaspur,5000,4,3,5595418,3,Yes,No,No,Yes,No,0,Yes,Unfurnished
Gurdaspur,5000,5,1,6269433,1,No,Yes,Yes,Yes,Yes,3,No,Semi-Furnished
Gurdaspur,5000,5,2,1846326,3,Yes,No,Yes,No,Yes,3,No,Semi-Furnished
Gurdaspur,5000,5,3,7343305,3,No,Yes,Yes,No,No,0,No,Unfurnished
Hoshiarpur,500,1,1,5463660,3,Yes,No,Yes,Yes,Yes,1,No,Furnished
Hoshiarpur,500,1,2,1116870,1,No,No,No,Yes,Yes,3,Yes,Semi-Furnished
Hoshiarpur,500,1,3,3087796,3,No,Yes,No,No,No,2,No,Furnished
Hoshiarpur,500,2,1,2250967,3,No,No,No,No,Yes,1,Yes,Unfurnished
Hoshiarpur,500,2,2,7852192,3,Yes,No,Yes,No,Yes,3,No,Furnished
Hoshiarpur,500,2,3,4474930,1,No,No,Yes,Yes,Yes,1,Yes,Furnished
Hoshiarpur,500,3,1,4915732,3,No,No,Yes,Yes,No,3,Yes,Unfurnished
Hoshiarpur,500,3,2,4652387,1,Yes,No,Yes,Yes,Yes,0,Yes,Furnished
Hoshiarpur,500,3,3,3000343,3,No,Yes,No,No,No,3,Yes,Furnished
Hoshiarpur,500,4,1,5019893,1,No,Yes,Yes,Yes,Yes,1,No,Furnished
Hoshiarpur,500,4,2,2215924,1,Yes,Yes,Yes,No,No,1,No,Semi-Furnished
Hoshiarpur,500,4,3,8486899,3,No,Yes,Yes,Yes,Yes,3,No,Furnished
Hoshiarpur,500,5,1,9240181,2,No,No,Yes,No,Yes,1,Yes,Unfurnished
Hoshiarpur,500,5,2,1349049,2,Yes,No,Yes,No,No,1,No,Semi-Furnished
Hoshiarpur,500,5,3,4489820,1,Yes,No,Yes,Yes,No,3,No,Unfurnished
Hoshiarpur,1000,1,1,3873191,3,Yes,No,No,No,No,1,Yes,Furnished
Hoshiarpur,1000,1,2,3322317,2,No,No,Yes,No,No,0,No,Semi-Furnished
Hoshiarpur,1000,1,3,8981850,2,No,No,No,No,No,0,Yes,Semi-Furnished
Hoshiarpur,1000,2,1,9945310,3,No,Yes,Yes,Yes,No,3,Yes,Unfurnished
Hoshiarpur,1000,2,2,6882582,2,No,No,No,No,Yes,2,No,Semi-Furnished
Hoshiarpur,1000,2,3,5250048,2,No,No,No,Yes,No,3,No,Semi-Furnished
Hoshiarpur,1000,3,1,9411918,1,No,No,No,Yes,Yes,1,Yes,Unfurnished
Hoshiarpur,1000,3,2,9604587,2,No,Yes,Yes,Yes,No,3,No,Furnished
Hoshiarpur,1000,3,3,4284301,3,No,Yes,Yes,Yes,No,3,No,Furnished
Hoshiarpur,1000,4,1,4687478,1,Yes,Yes,Yes,No,No,0,Yes,Unfurnished
Hoshiarpur,1000,4,2,6151415,3,No,No,No,No,No,1,No,Semi-Furnished
Hoshiarpur,1000,4,3,5290479,2,No,No,No,Yes,No,2,Yes,Unfurnished
Hoshiarpur,1000,5,1,9440363,1,No,Yes,No,No,No,2,No,Furnished
Hoshiarpur,1000,5,2,9920694,1,No,No,No,Yes,Yes,2,Yes,Unfurnished
Hoshiarpur,1000,5,3,7682117,1,No,Yes,No,No,Yes,0,No,Furnished
Hoshiarpur,1500,1,1,9793686,1,No,No,Yes,Yes,Yes,0,No,Unfurnished
Hoshiarpur,1500,1,2,2343271,2,Yes,Yes,No,Yes,Yes,1,Yes,Furnished
Hoshiarpur,1500,1,3,5367931,3,Yes,No,Yes,Yes,No,0,No,Semi-Furnished
Hoshiarpur,1500,2,1,5073454,2,No,No,Yes,No,Yes,1,Yes,Semi-Furnished
Hoshiarpur,1500,2,2,2008979,2,No,No,Yes,Yes,Yes,1,No,Furnished
Hoshiarpur,1500,2,3,6021707,2,Yes,No,Yes,Yes,Yes,2,Yes,Unfurnished
Hoshiarpur,1500,3,1,4789124,2,Yes,Yes,Yes,Yes,Yes,0,Yes,Unfurnished
Hoshiarpur,1500,3,2,6817740,2,No,Yes,No,Yes,Yes,0,Yes,Unfurnished
Hoshiarpur,1500,3,3,8448252,3,Yes,No,Yes,Yes,Yes,2,No,Unfurnished
Hoshiarpur,1500,4,1,9524944,2,No,No,Yes,No,Yes,2,No,Furnished
Hoshiarpur,1500,4,2,9506843,1,Yes,No,No,No,No,3,Yes,Semi-Furnished
Hoshiarpur,1500,4,3,5632686,3,Yes,No,Yes,No,No,0,Yes,Semi-Furnished
Hoshiarpur,1500,5,1,9079103,3,Yes,No,Yes,No,Yes,0,No,Furnished
Hoshiarpur,1500,5,2,2199485,1,No,Yes,No,No,No,2,Yes,Furnished
Hoshiarpur,1500,5,3,9399995,2,Yes,No,No,Yes,No,1,No,Unfurnished
Hoshiarpur,2000,1,1,3518771,1,No,Yes,Yes,No,No,2,No,Furnished
Hoshiarpur,2000,1,2,9159033,3,No,Yes,No,Yes,No,3,No,Furnished
Hoshiarpur,2000,1,3,5031471,2,No,Yes,Yes,No,Yes,2,Yes,Furnished
Hoshiarpur,2000,2,1,2348549,3,Yes,Yes,Yes,No,Yes,1,Yes,Furnished
Hoshiarpur,2000,2,2,3062404,1,No,Yes,Yes,No,Yes,1,No,Semi-Furnished
Hoshiarpur,2000,2,3,3568043,2,No,No,No,Yes,Yes,0,Yes,Furnished
Hoshiarpur,2000,3,1,7405134,3,Yes,Yes,Yes,Yes,No,2,No,Semi-Furnished
Hoshiarpur,2000,3,2,6964541,1,No,Yes,Yes,No,No,1,No,Furnished
Hoshiarpur,2000,3,3,5671705,1,Yes,Yes,Yes,No,Yes,0,Yes,Furnished
Hoshiarpur,2000,4,1,3664179,3,Yes,No,Yes,No,Yes,1,No,Furnished
Hoshiarpur,2000,4,2,2490075,3,Yes,Yes,No,Yes,Yes,3,No,Semi-Furnished
Hoshiarpur,2000,4,3,4255240,3,Yes,Yes,Yes,Yes,Yes,0,No,Unfurnished
Hoshiarpur,2000,5,1,7130213,1,No,No,No,Yes,No,3,No,Furnished
Hoshiarpur,2000,5,2,3925974,1,No,Yes,No,Yes,No,3,Yes,Unfurnished
Hoshiarpur,2000,5,3,5375944,3,Yes,No,Yes,Yes,Yes,1,No,Unfurnished
Hoshiarpur,2500,1,1,6445905,3,Yes,No,No,No,No,2,No,Furnished
Hoshiarpur,2500,1,2,1457241,2,No,Yes,No,No,Yes,1,Yes,Unfurnished
Hoshiarpur,2500,1,3,9865603,3,No,Yes,No,Yes,No,3,Yes,Semi-Furnished
Hoshiarpur,2500,2,1,1940339,1,Yes,Yes,Yes,Yes,Yes,0,No,Semi-Furnished
Hoshiarpur,2500,2,2,6651435,2,No,No,No,Yes,No,1,Yes,Semi-Furnished
Hoshiarpur,2500,2,3,6835234,1,Yes,Yes,No,No,Yes,1,Yes,Furnished
Hoshiarpur,2500,3,1,5452103,3,No,No,No,Yes,Yes,1,Yes,Semi-Furnished
Hoshiarpur,2500,3,2,9458558,1,Yes,Yes,Yes,No,Yes,0,Yes,Furnished
Hoshiarpur,2500,3,3,2757146,1,No,No,No,Yes,No,1,Yes,Semi-Furnished
Hoshiarpur,2500,4,1,3070229,1,Yes,No,No,Yes,Yes,3,Yes,Unfurnished
Hoshiarpur,2500,4,2,5297299,1,No,No,Yes,No,Yes,0,No,Unfurnished
Hoshiarpur,2500,4,3,7986900,3,No,No,Yes,No,No,0,No,Furnished
Hoshiarpur,2500,5,1,7901613,3,No,No,Yes,No,No,0,No,Furnished
Hoshiarpur,2500,5,2,9097938,1,Yes,No,No,Yes,No,2,No,Semi-Furnished
Hoshiarpur,2500,5,3,5101934,2,No,No,No,Yes,No,1,No,Unfurnished
Hoshiarpur,3000,1,1,2284029,1,Yes,Yes,No,Yes,No,0,No,Unfurnished
Hoshiarpur,3000,1,2,8506347,2,No,Yes,No,Yes,Yes,1,No,Semi-Furnished
Hoshiarpur,3000,1,3,7275248,3,No,No,No,Yes,Yes,1,No,Semi-Furnished
Hoshiarpur,3000,2,1,4921301,3,Yes,Yes,Yes,Yes,No,0,No,Unfurnished
Hoshiarpur,3000,2,2,9716780,3,No,Yes,No,Yes,No,2,No,Furnished
Hoshiarpur,3000,2,3,3573926,2,Yes,No,No,No,Yes,0,Yes,Unfurnished
Hoshiarpur,3000,3,1,8323261,2,No,No,No,No,No,3,No,Semi-Furnished
Hoshiarpur,3000,3,2,9310411,3,Yes,No,No,No,Yes,2,No,Unfurnished
Hoshiarpur,3000,3,3,2053055,2,Yes,No,No,Yes,Yes,1,No,Semi-Furnished
Hoshiarpur,3000,4,1,2911751,3,No,No,No,Yes,Yes,3,Yes,Furnished
Hoshiarpur,3000,4,2,3082864,1,No,Yes,No,Yes,No,3,No,Semi-Furnished
Hoshiarpur,3000,4,3,9968985,3,No,Yes,Yes,No,No,2,No,Unfurnished
Hoshiarpur,3000,5,1,1019982,2,Yes,Yes,Yes,Yes,No,1,Yes,Unfurnished
Hoshiarpur,3000,5,2,1210547,2,Yes,Yes,No,No,Yes,1,No,Semi-Furnished
Hoshiarpur,3000,5,3,1016121,3,No,Yes,Yes,Yes,No,1,Yes,Unfurnished
Hoshiarpur,3500,1,1,3688212,2,No,Yes,No,Yes,Yes,3,No,Semi-Furnished
Hoshiarpur,3500,1,2,6923672,2,No,No,No,No,No,0,No,Semi-Furnished
Hoshiarpur,3500,1,3,9942531,1,Yes,No,Yes,No,Yes,1,Yes,Furnished
Hoshiarpur,3500,2,1,4062956,3,No,Yes,No,Yes,No,2,Yes,Furnished
Hoshiarpur,3500,2,2,1612957,2,Yes,Yes,No,Yes,No,1,Yes,Semi-Furnished
Hoshiarpur,3500,2,3,3683217,2,Yes,No,Yes,No,Yes,2,Yes,Semi-Furnished
Hoshiarpur,3500,3,1,6886014,1,Yes,No,No,No,No,1,No,Furnished
Hoshiarpur,3500,3,2,3235476,1,No,No,Yes,Yes,No,1,No,Semi-Furnished
Hoshiarpur,3500,3,3,8515916,3,No,Yes,Yes,Yes,No,0,No,Furnished
Hoshiarpur,3500,4,1,5970650,2,Yes,No,Yes,Yes,No,3,Yes,Semi-Furnished
Hoshiarpur,3500,4,2,2402230,3,Yes,Yes,No,Yes,No,3,No,Unfurnished
Hoshiarpur,3500,4,3,7083207,3,No,No,Yes,Yes,No,3,No,Furnished
Hoshiarpur,3500,5,1,1661208,1,Yes,No,Yes,Yes,No,2,Yes,Furnished
Hoshiarpur,3500,5,2,2098590,1,Yes,No,Yes,No,Yes,3,Yes,Furnished
Hoshiarpur,3500,5,3,8973530,1,Yes,No,No,No,Yes,0,Yes,Unfurnished
Hoshiarpur,4000,1,1,5405379,3,Yes,Yes,No,No,No,0,No,Furnished
Hoshiarpur,4000,1,2,2722322,3,Yes,No,No,No,No,1,Yes,Unfurnished
Hoshiarpur,4000,1,3,8766345,2,No,Yes,Yes,No,No,0,Yes,Unfurnished
Hoshiarpur,4000,2,1,5756575,3,No,Yes,No,Yes,Yes,0,No,Furnished
Hoshiarpur,4000,2,2,2897017,1,No,No,Yes,Yes,Yes,0,No,Semi-Furnished
Hoshiarpur,4000,2,3,2265921,3,Yes,No,Yes,No,No,3,Yes,Furnished
Hoshiarpur,4000,3,1,3498524,3,Yes,No,Yes,No,No,3,Yes,Semi-Furnished
Hoshiarpur,4000,3,2,1128861,3,No,Yes,Yes,Yes,No,0,No,Furnished
Hoshiarpur,4000,3,3,1030954,1,Yes,Yes,Yes,No,No,0,No,Semi-Furnished
Hoshiarpur,4000,4,1,8408257,2,Yes,Yes,Yes,No,Yes,1,No,Semi-Furnished
Hoshiarpur,4000,4,2,4490580,2,No,No,Yes,Yes,Yes,0,Yes,Unfurnished
Hoshiarpur,4000,4,3,5057826,3,No,No,Yes,No,No,2,Yes,Unfurnished
Hoshiarpur,4000,5,1,4699322,1,No,Yes,Yes,No,No,3,Yes,Semi-Furnished
Hoshiarpur,4000,5,2,6705134,2,No,Yes,Yes,No,Yes,1,No,Furnished
Hoshiarpur,4000,5,3,5262403,3,No,Yes,Yes,Yes,Yes,3,No,Furnished
Hoshiarpur,4500,1,1,1636204,1,Yes,No,Yes,No,No,2,No,Semi-Furnished
Hoshiarpur,4500,1,2,3828917,3,Yes,No,Yes,Yes,Yes,2,Yes,Semi-Furnished
Hoshiarpur,4500,1,3,8712954,3,Yes,No,Yes,Yes,No,2,Yes,Furnished
Hoshiarpur,4500,2,1,8133310,1,No,Yes,No,Yes,No,1,Yes,Unfurnished
Hoshiarpur,4500,2,2,9801012,2,Yes,Yes,No,No,Yes,3,Yes,Furnished
Hoshiarpur,4500,2,3,1856255,2,Yes,No,Yes,Yes,No,2,No,Unfurnished
Hoshiarpur,4500,3,1,6552328,1,No,No,No,Yes,Yes,2,No,Unfurnished
Hoshiarpur,4500,3,2,1760068,2,Yes,Yes,Yes,Yes,No,2,No,Furnished
Hoshiarpur,4500,3,3,3887325,2,Yes,Yes,Yes,No,No,1,No,Unfurnished
Hoshiarpur,4500,4,1,5156716,3,Yes,Yes,No,No,Yes,3,Yes,Furnished
Hoshiarpur,4500,4,2,8530441,1,No,No,No,Yes,Yes,3,No,Semi-Furnished
Hoshiarpur,4500,4,3,4831040,3,No,Yes,Yes,No,Yes,2,No,Semi-Furnished
Hoshiarpur,4500,5,1,3360342,3,Yes,No,No,Yes,No,3,No,Unfurnished
Hoshiarpur,4500,5,2,9018243,3,No,Yes,No,Yes,No,3,No,Furnished
Hoshiarpur,4500,5,3,3681526,1,No,No,No,No,No,3,Yes,Semi-Furnished
Hoshiarpur,5000,1,1,4709913,3,Yes,No,Yes,Yes,No,1,Yes,Furnished
Hoshiarpur,5000,1,2,8348898,1,No,Yes,Yes,Yes,No,1,Yes,Semi-Furnished
Hoshiarpur,5000,1,3,6797622,3,Yes,Yes,No,Yes,No,0,No,Furnished
Hoshiarpur,5000,2,1,3926148,2,No,No,Yes,Yes,Yes,3,No,Furnished
Hoshiarpur,5000,2,2,8729566,3,No,No,Yes,No,No,0,Yes,Furnished
Hoshiarpur,5000,2,3,5127873,1,Yes,No,No,No,Yes,2,No,Semi-Furnished
Hoshiarpur,5000,3,1,5592870,1,No,No,No,No,Yes,0,Yes,Furnished
Hoshiarpur,5000,3,2,3052341,1,Yes,No,No,No,No,2,Yes,Unfurnished
Hoshiarpur,5000,3,3,8755754,2,Yes,No,Yes,Yes,No,1,No,Unfurnished
Hoshiarpur,5000,4,1,2936163,3,Yes,No,No,Yes,No,3,Yes,Unfurnished
Hoshiarpur,5000,4,2,2033189,3,Yes,Yes,Yes,No,No,3,Yes,Semi-Furnished
Hoshiarpur,5000,4,3,9405940,3,No,Yes,Yes,No,No,0,No,Semi-Furnished
Hoshiarpur,5000,5,1,6488657,1,Yes,No,No,No,No,0,No,Semi-Furnished
Hoshiarpur,5000,5,2,8728347,2,No,Yes,Yes,No,No,3,No,Furnished
Hoshiarpur,5000,5,3,4632429,2,No,Yes,Yes,No,No,3,No,Unfurnished
Sangrur,500,1,1,8276592,2,No,Yes,No,Yes,No,0,Yes,Semi-Furnished
Sangrur,500,1,2,2467044,2,Yes,Yes,Yes,No,Yes,2,No,Unfurnished
Sangrur,500,1,3,5208063,1,No,No,Yes,No,No,2,No,Furnished
Sangrur,500,2,1,8362569,1,Yes,Yes,Yes,Yes,Yes,1,No,Furnished
Sangrur,500,2,2,2431267,1,No,No,No,Yes,No,1,Yes,Furnished
Sangrur,500,2,3,4788218,2,Yes,Yes,Yes,Yes,No,2,Yes,Furnished
Sangrur,500,3,1,4042415,3,No,No,Yes,No,Yes,3,Yes,Unfurnished
Sangrur,500,3,2,1838854,2,No,Yes,Yes,No,No,1,Yes,Furnished
Sangrur,500,3,3,8023448,1,No,No,No,Yes,Yes,2,Yes,Furnished
Sangrur,500,4,1,4029643,1,No,Yes,Yes,Yes,Yes,2,No,Furnished
Sangrur,500,4,2,8874036,1,No,Yes,Yes,Yes,No,3,Yes,Unfurnished
Sangrur,500,4,3,9895143,3,No,Yes,Yes,No,No,1,No,Unfurnished
Sangrur,500,5,1,8747056,1,Yes,No,No,Yes,No,2,No,Unfurnished
Sangrur,500,5,2,2037576,2,No,No,No,No,No,0,Yes,Semi-Furnished
Sangrur,500,5,3,9712636,1,No,No,Yes,No,No,2,Yes,Semi-Furnished
Sangrur,1000,1,1,2941148,3,No,No,Yes,Yes,Yes,2,Yes,Unfurnished
Sangrur,1000,1,2,6329240,2,Yes,No,No,No,Yes,2,No,Unfurnished
Sangrur,1000,1,3,5297079,1,No,Yes,No,No,Yes,2,Yes,Semi-Furnished
Sangrur,1000,2,1,4451285,1,No,Yes,No,No,Yes,0,No,Semi-Furnished
Sangrur,1000,2,2,1074797,1,No,Yes,Yes,Yes,No,0,No,Semi-Furnished
Sangrur,1000,2,3,4730593,1,No,No,No,Yes,Yes,2,No,Unfurnished
Sangrur,1000,3,1,4882050,1,Yes,Yes,Yes,Yes,No,1,No,Semi-Furnished
Sangrur,1000,3,2,6788894,2,No,Yes,No,Yes,No,1,Yes,Unfurnished
Sangrur,1000,3,3,4441994,2,No,Yes,Yes,No,Yes,3,Yes,Furnished
Sangrur,1000,4,1,6280408,3,Yes,Yes,Yes,No,Yes,2,No,Furnished
Sangrur,1000,4,2,8473557,2,No,Yes,Yes,No,No,0,Yes,Furnished
Sangrur,1000,4,3,4304571,3,Yes,Yes,Yes,Yes,No,0,No,Semi-Furnished
Sangrur,1000,5,1,2915841,3,No,No,No,No,Yes,3,Yes,Unfurnished
Sangrur,1000,5,2,8446145,2,No,Yes,No,No,No,2,Yes,Furnished
Sangrur,1000,5,3,8753565,1,No,Yes,Yes,No,Yes,0,Yes,Furnished
Sangrur,1500,1,1,7945230,2,No,No,No,Yes,No,0,No,Semi-Furnished
Sangrur,1500,1,2,1789263,2,Yes,Yes,Yes,No,No,2,No,Unfurnished
Sangrur,1500,1,3,7063471,2,No,No,No,Yes,No,1,No,Semi-Furnished
Sangrur,1500,2,1,4354609,2,No,No,No,Yes,No,1,No,Semi-Furnished
Sangrur,1500,2,2,5610817,2,No,Yes,No,No,No,2,Yes,Semi-Furnished
Sangrur,1500,2,3,6477644,2,No,No,Yes,No,No,1,No,Furnished
Sangrur,1500,3,1,8260637,3,No,Yes,No,Yes,No,2,Yes,Furnished
Sangrur,1500,3,2,4924492,2,Yes,No,No,No,Yes,0,No,Semi-Furnished
Sangrur,1500,3,3,7508427,3,Yes,No,No,Yes,Yes,3,Yes,Semi-Furnished
Sangrur,1500,4,1,9209818,3,Yes,No,No,Yes,No,1,Yes,Furnished
Sangrur,1500,4,2,9986463,3,Yes,No,Yes,No,Yes,0,No,Furnished
Sangrur,1500,4,3,7645479,2,Yes,No,Yes,No,No,3,No,Furnished
Sangrur,1500,5,1,8315772,2,Yes,No,Yes,Yes,No,0,Yes,Furnished
Sangrur,1500,5,2,4106307,3,No,Yes,No,No,No,0,No,Furnished
Sangrur,1500,5,3,7521117,3,Yes,Yes,No,No,Yes,3,Yes,Furnished
Sangrur,2000,1,1,1625865,1,No,No,Yes,No,Yes,1,No,Furnished
Sangrur,2000,1,2,1947946,2,No,Yes,Yes,Yes,Yes,0,Yes,Unfurnished
Sangrur,2000,1,3,6953729,3,No,Yes,Yes,No,No,2,Yes,Semi-Furnished
Sangrur,2000,2,1,9356896,3,No,No,Yes,No,No,2,No,Furnished
Sangrur,2000,2,2,4082215,2,Yes,Yes,Yes,No,No,2,Yes,Semi-Furnished
Sangrur,2000,2,3,8029686,1,Yes,No,No,No,No,1,Yes,Semi-Furnished
Sangrur,2000,3,1,6372865,2,No,Yes,No,No,Yes,2,Yes,Semi-Furnished
Sangrur,2000,3,2,8344057,2,No,Yes,No,No,No,2,No,Semi-Furnished
Sangrur,2000,3,3,3453438,1,No,Yes,Yes,Yes,Yes,1,Yes,Unfurnished
Sangrur,2000,4,1,9666189,1,Yes,Yes,No,Yes,No,1,No,Furnished
Sangrur,2000,4,2,6680829,2,No,No,No,No,Yes,2,No,Unfurnished
Sangrur,2000,4,3,3169243,1,Yes,No,Yes,Yes,Yes,2,No,Semi-Furnished
Sangrur,2000,5,1,5473288,3,Yes,Yes,No,Yes,Yes,1,No,Unfurnished
Sangrur,2000,5,2,7109057,2,Yes,No,No,Yes,No,2,No,Semi-Furnished
Sangrur,2000,5,3,4822581,2,Yes,Yes,No,No,No,2,Yes,Furnished
Sangrur,2500,1,1,1437188,3,Yes,No,Yes,Yes,Yes,2,No,Furnished
Sangrur,2500,1,2,6368136,2,No,Yes,Yes,No,No,2,Yes,Furnished
Sangrur,2500,1,3,9159647,1,Yes,No,No,Yes,No,0,No,Semi-Furnished
Sangrur,2500,2,1,4366807,2,No,No,Yes,Yes,No,3,No,Unfurnished
Sangrur,2500,2,2,4212333,2,Yes,No,Yes,No,Yes,0,Yes,Unfurnished
Sangrur,2500,2,3,6594214,1,Yes,No,Yes,No,No,3,No,Unfurnished
Sangrur,2500,3,1,5779326,3,Yes,Yes,Yes,Yes,No,1,No,Unfurnished
Sangrur,2500,3,2,8465274,2,No,Yes,No,Yes,Yes,0,Yes,Furnished
Sangrur,2500,3,3,8576958,2,No,No,No,Yes,Yes,0,No,Semi-Furnished
Sangrur,2500,4,1,3644366,2,Yes,Yes,No,No,No,2,Yes,Semi-Furnished
Sangrur,2500,4,2,4615319,1,No,No,Yes,No,Yes,1,Yes,Semi-Furnished
Sangrur,2500,4,3,9664372,1,Yes,No,Yes,Yes,Yes,0,No,Unfurnished
Sangrur,2500,5,1,9996043,1,No,Yes,Yes,Yes,Yes,0,No,Furnished
Sangrur,2500,5,2,6823288,3,No,No,Yes,No,No,2,No,Unfurnished
Sangrur,2500,5,3,6496319,1,No,No,Yes,No,Yes,0,No,Unfurnished
Sangrur,3000,1,1,2585453,1,No,No,Yes,No,Yes,3,Yes,Semi-Furnished
Sangrur,3000,1,2,7357404,3,Yes,No,Yes,Yes,No,0,No,Unfurnished
Sangrur,3000,1,3,4185447,1,Yes,No,Yes,Yes,No,3,Yes,Furnished
Sangrur,3000,2,1,2968975,1,Yes,No,No,No,Yes,3,No,Unfurnished
Sangrur,3000,2,2,9838673,2,No,Yes,Yes,No,Yes,1,No,Semi-Furnished
Sangrur,3000,2,3,1138647,1,No,No,No,No,No,3,Yes,Furnished
Sangrur,3000,3,1,5334779,1,No,No,Yes,Yes,Yes,0,Yes,Semi-Furnished
Sangrur,3000,3,2,5638564,1,No,Yes,No,No,No,2,Yes,Semi-Furnished
Sangrur,3000,3,3,5251529,2,Yes,Yes,No,Yes,No,2,No,Unfurnished
Sangrur,3000,4,1,8894212,1,Yes,Yes,Yes,No,Yes,2,Yes,Furnished
Sangrur,3000,4,2,7174213,3,Yes,No,Yes,Yes,Yes,3,No,Unfurnished
Sangrur,3000,4,3,9901303,2,Yes,Yes,Yes,No,No,2,No,Furnished
Sangrur,3000,5,1,9462442,1,Yes,No,No,Yes,No,2,Yes,Unfurnished
Sangrur,3000,5,2,3300718,2,Yes,No,Yes,No,Yes,1,Yes,Furnished
Sangrur,3000,5,3,4190518,1,No,Yes,Yes,Yes,Yes,0,Yes,Furnished
Sangrur,3500,1,1,7493615,2,No,No,No,Yes,Yes,0,No,Semi-Furnished
Sangrur,3500,1,2,5083722,2,Yes,Yes,No,Yes,Yes,1,No,Unfurnished
Sangrur,3500,1,3,7611344,1,No,No,Yes,Yes,No,0,No,Unfurnished
Sangrur,3500,2,1,4218987,3,Yes,No,No,Yes,Yes,0,No,Furnished
Sangrur,3500,2,2,9920683,2,Yes,Yes,No,Yes,Yes,2,Yes,Semi-Furnished
Sangrur,3500,2,3,6552845,1,No,Yes,Yes,No,Yes,1,Yes,Semi-Furnished
Sangrur,3500,3,1,6791054,2,No,Yes,No,Yes,No,0,No,Semi-Furnished
Sangrur,3500,3,2,2410118,2,Yes,No,Yes,Yes,No,0,Yes,Semi-Furnished
Sangrur,3500,3,3,5032818,3,No,Yes,Yes,No,Yes,2,No,Furnished
Sangrur,3500,4,1,9886311,3,No,No,No,Yes,No,3,Yes,Semi-Furnished
Sangrur,3500,4,2,8524585,1,No,No,Yes,No,No,0,Yes,Furnished
Sangrur,3500,4,3,8325008,3,No,No,No,Yes,No,0,No,Unfurnished
Sangrur,3500,5,1,7363288,3,No,Yes,Yes,No,No,3,No,Furnished
Sangrur,3500,5,2,1717485,1,Yes,No,No,No,No,2,Yes,Semi-Furnished
Sangrur,3500,5,3,5909113,1,Yes,Yes,No,Yes,No,1,Yes,Furnished
Sangrur,4000,1,1,1179119,1,Yes,Yes,Yes,Yes,No,0,No,Furnished
Sangrur,4000,1,2,1495140,3,Yes,Yes,Yes,No,No,1,No,Semi-Furnished
Sangrur,4000,1,3,2987008,3,No,No,Yes,Yes,Yes,3,Yes,Semi-Furnished
Sangrur,4000,2,1,4613035,3,Yes,Yes,No,Yes,No,0,No,Unfurnished
Sangrur,4000,2,2,7699518,1,Yes,Yes,Yes,Yes,Yes,2,Yes,Unfurnished
Sangrur,4000,2,3,4700486,2,No,Yes,No,No,No,3,No,Unfurnished
Sangrur,4000,3,1,6144177,1,Yes,No,No,Yes,No,2,No,Semi-Furnished
Sangrur,4000,3,2,5873740,3,Yes,No,Yes,Yes,Yes,3,No,Semi-Furnished
Sangrur,4000,3,3,2637526,3,No,No,No,No,No,2,Yes,Furnished
Sangrur,4000,4,1,8626619,3,No,Yes,No,No,Yes,1,No,Furnished
Sangrur,4000,4,2,3382477,2,Yes,Yes,No,Yes,Yes,1,No,Furnished
Sangrur,4000,4,3,6848309,3,No,Yes,No,No,No,0,Yes,Unfurnished
Sangrur,4000,5,1,2357708,2,No,No,Yes,Yes,No,3,Yes,Furnished
Sangrur,4000,5,2,7008360,3,No,No,No,Yes,No,3,Yes,Unfurnished
Sangrur,4000,5,3,7206764,3,No,Yes,No,No,No,1,No,Furnished
Sangrur,4500,1,1,5402638,2,Yes,No,No,No,No,1,No,Semi-Furnished
Sangrur,4500,1,2,7080632,1,No,Yes,No,Yes,No,2,Yes,Furnished
Sangrur,4500,1,3,2906486,3,Yes,No,No,Yes,Yes,1,Yes,Furnished
Sangrur,4500,2,1,4270023,2,No,Yes,No,Yes,No,1,Yes,Unfurnished
Sangrur,4500,2,2,3674279,2,Yes,Yes,No,No,Yes,1,Yes,Furnished
Sangrur,4500,2,3,7313862,1,Yes,No,No,Yes,No,3,Yes,Furnished
Sangrur,4500,3,1,4918496,2,Yes,No,Yes,No,Yes,0,Yes,Semi-Furnished
Sangrur,4500,3,2,5622684,1,Yes,No,No,Yes,No,1,No,Semi-Furnished
Sangrur,4500,3,3,9570930,3,Yes,Yes,No,Yes,Yes,0,No,Semi-Furnished
Sangrur,4500,4,1,3854177,1,Yes,Yes,Yes,No,No,3,No,Unfurnished
Sangrur,4500,4,2,3380029,3,No,No,Yes,No,Yes,3,No,Unfurnished
Sangrur,4500,4,3,9700949,2,No,No,Yes,Yes,No,1,Yes,Semi-Furnished
Sangrur,4500,5,1,2823335,2,Yes,Yes,Yes,No,Yes,3,No,Unfurnished
Sangrur,4500,5,2,2070511,2,No,Yes,Yes,No,Yes,2,No,Furnished
Sangrur,4500,5,3,6355213,2,Yes,Yes,No,No,No,0,No,Furnished
Sangrur,5000,1,1,8995207,1,No,Yes,Yes,Yes,No,2,No,Furnished
Sangrur,5000,1,2,6010469,2,No,No,No,No,Yes,2,Yes,Semi-Furnished
Sangrur,5000,1,3,2568770,3,Yes,No,No,No,No,2,No,Furnished
Sangrur,5000,2,1,1456360,1,No,No,Yes,Yes,Yes,1,No,Semi-Furnished
Sangrur,5000,2,2,3006960,1,No,No,No,No,No,3,No,Semi-Furnished
Sangrur,5000,2,3,4938748,2,No,Yes,Yes,Yes,Yes,2,Yes,Semi-Furnished
Sangrur,5000,3,1,8447816,3,No,Yes,No,Yes,No,2,Yes,Unfurnished
Sangrur,5000,3,2,3922091,2,Yes,No,Yes,Yes,Yes,1,Yes,Semi-Furnished
Sangrur,5000,3,3,1498340,1,Yes,No,Yes,No,Yes,3,No,Furnished
Sangrur,5000,4,1,6862900,3,Yes,No,No,No,Yes,1,No,Unfurnished
Sangrur,5000,4,2,2746689,1,Yes,No,Yes,No,No,1,Yes,Furnished
Sangrur,5000,4,3,3054059,1,No,No,Yes,Yes,Yes,0,Yes,Semi-Furnished
Sangrur,5000,5,1,8588068,2,Yes,No,No,Yes,Yes,2,Yes,Unfurnished
Sangrur,5000,5,2,8508414,3,Yes,Yes,Yes,No,Yes,3,Yes,Furnished
Sangrur,5000,5,3,5197401,2,No,Yes,No,No,Yes,2,No,Unfurnished
